domain	fold	split	id	canonical_id	label_from_id	length	sequence_prefix_20aa	path
Rdomain	Blue	train	Euk_Carp_JAHDYR010000041	Cruci_Carp_JAHDYR010000041	0	78	MAYGARRNRRRSSRRPRRTR	data/MachineLearning_corrected/Rdomain/Blue_R_Training.fasta
Rdomain	Blue	train	Euk_Cer_JAGYYM010003673	Cruci_Cer_JAGYYM010003673	0	144	MPFYYRPYRRRYSRRYRRRY	data/MachineLearning_corrected/Rdomain/Blue_R_Training.fasta
Rdomain	Blue	train	Euk_PolBeRBZT01000154.1	Cruci_PolBeRBZT01000154.1	0	125	MPLYAGQKRARSRRLAKRTV	data/MachineLearning_corrected/Rdomain/Blue_R_Training.fasta
Rdomain	Green	test	Cruci_Cer_JAGYYM010003673	Cruci_Cer_JAGYYM010003673	1	144	MPFYYRPYRRRYSRRYRRRY	data/MachineLearning_corrected/Rdomain/Green_R_Test.fasta
Rdomain	Green	train	Euk_Carp_JAHDYR010000041	Cruci_Carp_JAHDYR010000041	0	78	MAYGARRNRRRSSRRPRRTR	data/MachineLearning_corrected/Rdomain/Green_R_Training.fasta
Rdomain	Green	train	Euk_Cer_JAGYYM010003673	Cruci_Cer_JAGYYM010003673	0	144	MPFYYRPYRRRYSRRYRRRY	data/MachineLearning_corrected/Rdomain/Green_R_Training.fasta
Rdomain	Green	train	Euk_PolBeRBZT01000154.1	Cruci_PolBeRBZT01000154.1	0	125	MPLYAGQKRARSRRLAKRTV	data/MachineLearning_corrected/Rdomain/Green_R_Training.fasta
Rdomain	Purple	train	Euk_Carp_JAHDYR010000041	Cruci_Carp_JAHDYR010000041	0	78	MAYGARRNRRRSSRRPRRTR	data/MachineLearning_corrected/Rdomain/Purple_R_Training.fasta
Rdomain	Purple	train	Euk_Cer_JAGYYM010003673	Cruci_Cer_JAGYYM010003673	0	144	MPFYYRPYRRRYSRRYRRRY	data/MachineLearning_corrected/Rdomain/Purple_R_Training.fasta
Rdomain	Purple	train	Euk_PolBeRBZT01000154.1	Cruci_PolBeRBZT01000154.1	0	125	MPLYAGQKRARSRRLAKRTV	data/MachineLearning_corrected/Rdomain/Purple_R_Training.fasta
Rdomain	Red	test	Cruci_Carp_JAHDYR010000041	Cruci_Carp_JAHDYR010000041	1	78	MAYGARRNRRRSSRRPRRTR	data/MachineLearning_corrected/Rdomain/Red_R_Test.fasta
Rdomain	Red	train	Cruci_PolBeRBZT01000154.1	Cruci_PolBeRBZT01000154.1	1	125	MPLYAGQKRARSRRLAKRTV	data/MachineLearning_corrected/Rdomain/Red_R_Training.fasta
Rdomain	Red	train	Euk_Cer_JAGYYM010003673	Cruci_Cer_JAGYYM010003673	0	144	MPFYYRPYRRRYSRRYRRRY	data/MachineLearning_corrected/Rdomain/Red_R_Training.fasta
Rdomain	Yellow	test	Cruci_PolBeRBZT01000154.1	Cruci_PolBeRBZT01000154.1	1	125	MPLYAGQKRARSRRLAKRTV	data/MachineLearning_corrected/Rdomain/Yellow_R_Test.fasta
Rdomain	Yellow	train	Cruci_Carp_JAHDYR010000041	Cruci_Carp_JAHDYR010000041	1	78	MAYGARRNRRRSSRRPRRTR	data/MachineLearning_corrected/Rdomain/Yellow_R_Training.fasta
Rdomain	Yellow	train	Euk_Cer_JAGYYM010003673	Cruci_Cer_JAGYYM010003673	0	144	MPFYYRPYRRRYSRRYRRRY	data/MachineLearning_corrected/Rdomain/Yellow_R_Training.fasta
fullCP	Blue	train	Cruci_Carp_JAHDYR010000041	Cruci_Carp_JAHDYR010000041	1	265	MAYGARRNRRRSSRRPRRTR	data/MachineLearning_corrected/fullCP/BlueTraining.fasta
fullCP	Blue	train	Cruci_PolBeRBZT01000154.1	Cruci_PolBeRBZT01000154.1	1	233	MPLYAGQKRARSRRLAKRTV	data/MachineLearning_corrected/fullCP/BlueTraining.fasta
fullCP	Blue	train	Euk_Cer_JAGYYM010003673	Cruci_Cer_JAGYYM010003673	0	523	MPFYYRPYRRRYSRRYRRRY	data/MachineLearning_corrected/fullCP/BlueTraining.fasta
fullCP	Green	test	Cruci_Cer_JAGYYM010003673	Cruci_Cer_JAGYYM010003673	1	464	MPFYYRPYRRRYSRRYRRYR	data/MachineLearning_corrected/fullCP/GreenTest.fasta
fullCP	Green	train	Cruci_Carp_JAHDYR010000041	Cruci_Carp_JAHDYR010000041	1	265	MAYGARRNRRRSSRRPRRTR	data/MachineLearning_corrected/fullCP/GreenTraining.fasta
fullCP	Green	train	Cruci_PolBeRBZT01000154.1	Cruci_PolBeRBZT01000154.1	1	233	MPLYAGQKRARSRRLAKRTV	data/MachineLearning_corrected/fullCP/GreenTraining.fasta
fullCP	Green	train	Euk_Cer_JAGYYM010003673	Cruci_Cer_JAGYYM010003673	0	523	MPFYYRPYRRRYSRRYRRRY	data/MachineLearning_corrected/fullCP/GreenTraining.fasta
fullCP	Purple	train	Cruci_Carp_JAHDYR010000041	Cruci_Carp_JAHDYR010000041	1	265	MAYGARRNRRRSSRRPRRTR	data/MachineLearning_corrected/fullCP/PurpleTraining.fasta
fullCP	Purple	train	Cruci_PolBeRBZT01000154.1	Cruci_PolBeRBZT01000154.1	1	233	MPLYAGQKRARSRRLAKRTV	data/MachineLearning_corrected/fullCP/PurpleTraining.fasta
fullCP	Purple	train	Euk_Cer_JAGYYM010003673	Cruci_Cer_JAGYYM010003673	0	523	MPFYYRPYRRRYSRRYRRRY	data/MachineLearning_corrected/fullCP/PurpleTraining.fasta
fullCP	Red	test	Cruci_Carp_JAHDYR010000041	Cruci_Carp_JAHDYR010000041	1	265	MAYGARRNRRRSSRRPRRTR	data/MachineLearning_corrected/fullCP/RedTest.fasta
fullCP	Red	train	Cruci_PolBeRBZT01000154.1	Cruci_PolBeRBZT01000154.1	1	233	MPLYAGQKRARSRRLAKRTV	data/MachineLearning_corrected/fullCP/RedTraining.fasta
fullCP	Red	train	Euk_Cer_JAGYYM010003673	Cruci_Cer_JAGYYM010003673	0	523	MPFYYRPYRRRYSRRYRRRY	data/MachineLearning_corrected/fullCP/RedTraining.fasta
fullCP	Yellow	test	Cruci_PolBeRBZT01000154.1	Cruci_PolBeRBZT01000154.1	1	233	MPLYAGQKRARSRRLAKRTV	data/MachineLearning_corrected/fullCP/YellowTest.fasta
fullCP	Yellow	train	Cruci_Carp_JAHDYR010000041	Cruci_Carp_JAHDYR010000041	1	265	MAYGARRNRRRSSRRPRRTR	data/MachineLearning_corrected/fullCP/YellowTraining.fasta
fullCP	Yellow	train	Euk_Cer_JAGYYM010003673	Cruci_Cer_JAGYYM010003673	0	523	MPFYYRPYRRRYSRRYRRRY	data/MachineLearning_corrected/fullCP/YellowTraining.fasta
