domain,fold,metrics_path,csv,checkpoint,checkpoint_metadata_format,checkpoint_metadata_version,checkpoint_metadata_esm_model,checkpoint_metadata_repr_layer,checkpoint_metadata_pooling,checkpoint_metadata_hidden_dim,checkpoint_metadata_metadata_created_at_utc,checkpoint_metadata_metadata_esm_model,checkpoint_metadata_metadata_checkpoint_format,checkpoint_metadata_metadata_checkpoint_version,checkpoint_metadata_metadata_best_epoch,checkpoint_metadata_metadata_best_val_f1,checkpoint_metadata_metadata_global_step,checkpoint_metadata_metadata_selected_val_threshold,checkpoint_metadata_metadata_args_train_csv,checkpoint_metadata_metadata_args_test_csv,checkpoint_metadata_metadata_args_val_csv,checkpoint_metadata_metadata_args_batch_size,checkpoint_metadata_metadata_args_lr,checkpoint_metadata_metadata_args_epochs,checkpoint_metadata_metadata_args_checkpoint_dir,checkpoint_metadata_metadata_args_save_every,checkpoint_metadata_metadata_args_save_full_checkpoint,checkpoint_metadata_metadata_args_device,checkpoint_metadata_metadata_args_seed,checkpoint_metadata_metadata_args_threshold,checkpoint_metadata_metadata_args_val_fraction,checkpoint_metadata_metadata_args_min_val_per_class,checkpoint_metadata_metadata_args_max_steps,checkpoint_metadata_metadata_args_limit_train_examples,checkpoint_metadata_metadata_args_limit_test_examples,checkpoint_metadata_metadata_args_num_workers,checkpoint_metadata_metadata_args_wandb_project,checkpoint_metadata_metadata_args_wandb_entity,checkpoint_metadata_metadata_args_wandb_name,checkpoint_metadata_metadata_args_wandb_mode,checkpoint_metadata_metadata_args_stop_action,checkpoint_metadata_metadata_args_invalid_action,checkpoint_metadata_metadata_args_no_clean_sequences,checkpoint_metadata_metadata_args_pos_weight,checkpoint_metadata_metadata_split_train_csv,checkpoint_metadata_metadata_split_val_csv,checkpoint_metadata_metadata_split_test_csv,checkpoint_metadata_metadata_split_seed,checkpoint_metadata_metadata_split_val_fraction,checkpoint_metadata_metadata_split_min_val_per_class,checkpoint_metadata_metadata_split_train_n,checkpoint_metadata_metadata_split_val_n,checkpoint_metadata_metadata_split_test_n,checkpoint_metadata_metadata_split_train_positives,checkpoint_metadata_metadata_split_train_negatives,checkpoint_metadata_metadata_split_val_positives,checkpoint_metadata_metadata_split_val_negatives,checkpoint_metadata_metadata_split_train_cleaning_summary_changed_sequences,checkpoint_metadata_metadata_split_train_cleaning_summary_dropped_empty_sequences,checkpoint_metadata_metadata_split_train_cleaning_summary_stops_removed,checkpoint_metadata_metadata_split_train_cleaning_summary_stops_replaced,checkpoint_metadata_metadata_split_train_cleaning_summary_invalid_removed,checkpoint_metadata_metadata_split_train_cleaning_summary_invalid_replaced,checkpoint_metadata_metadata_split_val_cleaning_summary_changed_sequences,checkpoint_metadata_metadata_split_val_cleaning_summary_dropped_empty_sequences,checkpoint_metadata_metadata_split_val_cleaning_summary_stops_removed,checkpoint_metadata_metadata_split_val_cleaning_summary_stops_replaced,checkpoint_metadata_metadata_split_val_cleaning_summary_invalid_removed,checkpoint_metadata_metadata_split_val_cleaning_summary_invalid_replaced,checkpoint_metadata_metadata_split_test_cleaning_summary_changed_sequences,checkpoint_metadata_metadata_split_test_cleaning_summary_dropped_empty_sequences,checkpoint_metadata_metadata_split_test_cleaning_summary_stops_removed,checkpoint_metadata_metadata_split_test_cleaning_summary_stops_replaced,checkpoint_metadata_metadata_split_test_cleaning_summary_invalid_removed,checkpoint_metadata_metadata_split_test_cleaning_summary_invalid_replaced,checkpoint_metadata_metadata_split_validation_source,checkpoint_metadata_metadata_final_val_metrics_n,checkpoint_metadata_metadata_final_val_metrics_positives,checkpoint_metadata_metadata_final_val_metrics_negatives,checkpoint_metadata_metadata_final_val_metrics_positive_rate,checkpoint_metadata_metadata_final_val_metrics_predicted_positives,checkpoint_metadata_metadata_final_val_metrics_predicted_negatives,checkpoint_metadata_metadata_final_val_metrics_tp,checkpoint_metadata_metadata_final_val_metrics_tn,checkpoint_metadata_metadata_final_val_metrics_fp,checkpoint_metadata_metadata_final_val_metrics_fn,checkpoint_metadata_metadata_final_val_metrics_acc,checkpoint_metadata_metadata_final_val_metrics_balanced_acc,checkpoint_metadata_metadata_final_val_metrics_precision,checkpoint_metadata_metadata_final_val_metrics_recall,checkpoint_metadata_metadata_final_val_metrics_specificity,checkpoint_metadata_metadata_final_val_metrics_f1,checkpoint_metadata_metadata_final_val_metrics_mcc,checkpoint_metadata_metadata_final_val_metrics_auroc,checkpoint_metadata_metadata_final_val_metrics_average_precision,checkpoint_metadata_metadata_test_default_metrics_n,checkpoint_metadata_metadata_test_default_metrics_positives,checkpoint_metadata_metadata_test_default_metrics_negatives,checkpoint_metadata_metadata_test_default_metrics_positive_rate,checkpoint_metadata_metadata_test_default_metrics_predicted_positives,checkpoint_metadata_metadata_test_default_metrics_predicted_negatives,checkpoint_metadata_metadata_test_default_metrics_tp,checkpoint_metadata_metadata_test_default_metrics_tn,checkpoint_metadata_metadata_test_default_metrics_fp,checkpoint_metadata_metadata_test_default_metrics_fn,checkpoint_metadata_metadata_test_default_metrics_acc,checkpoint_metadata_metadata_test_default_metrics_balanced_acc,checkpoint_metadata_metadata_test_default_metrics_precision,checkpoint_metadata_metadata_test_default_metrics_recall,checkpoint_metadata_metadata_test_default_metrics_specificity,checkpoint_metadata_metadata_test_default_metrics_f1,checkpoint_metadata_metadata_test_default_metrics_mcc,checkpoint_metadata_metadata_test_default_metrics_auroc,checkpoint_metadata_metadata_test_default_metrics_average_precision,checkpoint_metadata_metadata_test_selected_threshold_metrics_n,checkpoint_metadata_metadata_test_selected_threshold_metrics_positives,checkpoint_metadata_metadata_test_selected_threshold_metrics_negatives,checkpoint_metadata_metadata_test_selected_threshold_metrics_positive_rate,checkpoint_metadata_metadata_test_selected_threshold_metrics_predicted_positives,checkpoint_metadata_metadata_test_selected_threshold_metrics_predicted_negatives,checkpoint_metadata_metadata_test_selected_threshold_metrics_tp,checkpoint_metadata_metadata_test_selected_threshold_metrics_tn,checkpoint_metadata_metadata_test_selected_threshold_metrics_fp,checkpoint_metadata_metadata_test_selected_threshold_metrics_fn,checkpoint_metadata_metadata_test_selected_threshold_metrics_acc,checkpoint_metadata_metadata_test_selected_threshold_metrics_balanced_acc,checkpoint_metadata_metadata_test_selected_threshold_metrics_precision,checkpoint_metadata_metadata_test_selected_threshold_metrics_recall,checkpoint_metadata_metadata_test_selected_threshold_metrics_specificity,checkpoint_metadata_metadata_test_selected_threshold_metrics_f1,checkpoint_metadata_metadata_test_selected_threshold_metrics_mcc,checkpoint_metadata_metadata_test_selected_threshold_metrics_auroc,checkpoint_metadata_metadata_test_selected_threshold_metrics_average_precision,checkpoint_metadata_metadata_artifacts_head_checkpoint,checkpoint_metadata_metadata_artifacts_final_head_checkpoint,checkpoint_metadata_metadata_artifacts_full_checkpoint,checkpoint_metadata_metadata_artifacts_final_full_checkpoint,checkpoint_metadata_metadata_artifacts_training_summary,checkpoint_metadata_metadata_artifacts_split,threshold,metrics_n,metrics_positives,metrics_negatives,metrics_positive_rate,metrics_predicted_positives,metrics_predicted_negatives,metrics_tp,metrics_tn,metrics_fp,metrics_fn,metrics_acc,metrics_balanced_acc,metrics_precision,metrics_recall,metrics_specificity,metrics_f1,metrics_mcc,metrics_auroc,metrics_average_precision,metrics_0_5_n,metrics_0_5_positives,metrics_0_5_negatives,metrics_0_5_positive_rate,metrics_0_5_predicted_positives,metrics_0_5_predicted_negatives,metrics_0_5_tp,metrics_0_5_tn,metrics_0_5_fp,metrics_0_5_fn,metrics_0_5_acc,metrics_0_5_balanced_acc,metrics_0_5_precision,metrics_0_5_recall,metrics_0_5_specificity,metrics_0_5_f1,metrics_0_5_mcc,metrics_0_5_auroc,metrics_0_5_average_precision,best_threshold_from_eval_set,selected_threshold,metrics_selected_threshold_n,metrics_selected_threshold_positives,metrics_selected_threshold_negatives,metrics_selected_threshold_positive_rate,metrics_selected_threshold_predicted_positives,metrics_selected_threshold_predicted_negatives,metrics_selected_threshold_tp,metrics_selected_threshold_tn,metrics_selected_threshold_fp,metrics_selected_threshold_fn,metrics_selected_threshold_acc,metrics_selected_threshold_balanced_acc,metrics_selected_threshold_precision,metrics_selected_threshold_recall,metrics_selected_threshold_specificity,metrics_selected_threshold_f1,metrics_selected_threshold_mcc,metrics_selected_threshold_auroc,metrics_selected_threshold_average_precision
Pdomain,Blue,/workspace/cruci-classifier/results/grid_esm35m_e50/Pdomain/Blue/eval/test_metrics.json,/workspace/cruci-classifier/results/grid_esm35m_e50/Pdomain/Blue/prepared/Pdomain/Blue/test.csv,/workspace/cruci-classifier/results/grid_esm35m_e50/Pdomain/Blue/checkpoints/best_head.pt,cruci_esm_classifier_head,1,esm2_t12_35M_UR50D,12,bos,480,2026-05-28T11:01:43.977869+00:00,esm2_t12_35M_UR50D,cruci_esm_classifier_head,1,36,0.7288888888888889,2800,0.4954362213611603,/workspace/cruci-classifier/results/grid_esm35m_e50/Pdomain/Blue/prepared/Pdomain/Blue/train.csv,/workspace/cruci-classifier/results/grid_esm35m_e50/Pdomain/Blue/prepared/Pdomain/Blue/test.csv,,32,0.001,50,/workspace/cruci-classifier/results/grid_esm35m_e50/Pdomain/Blue/checkpoints,0,False,cuda,42,0.5,0.15,1,,,,0,cruci,jwang003,esm35m_Pdomain_Blue,offline,remove,replace_x,False,auto,/workspace/cruci-classifier/results/grid_esm35m_e50/Pdomain/Blue/prepared/Pdomain/Blue/train.csv,,/workspace/cruci-classifier/results/grid_esm35m_e50/Pdomain/Blue/prepared/Pdomain/Blue/test.csv,42,0.15,1,1764,311,408,762,1313,114,197,0,0,0,0,0,0,0,0,0,0,0,0,0,0,0,0,0,0,stratified_split_from_train_csv,311,114,197,0.3665594855305466,111,200,82,168,29,32,0.8038585209003215,0.7860450618933119,0.7387387387387387,0.7192982456140351,0.8527918781725888,0.7288888888888889,0.5754048285208943,0.8448214444741295,0.7935204457346416,408,238,170,0.5833333333333334,182,226,123,111,59,115,0.5735294117647058,0.584873949579832,0.6758241758241759,0.5168067226890757,0.6529411764705882,0.5857142857142857,0.16835554837830585,0.6186356895699456,0.6501870592631116,408,238,170,0.5833333333333334,186,222,126,110,60,112,0.5784313725490197,0.5882352941176471,0.6774193548387096,0.5294117647058824,0.6470588235294118,0.5943396226415094,0.17468367225672535,0.6186356895699456,0.6501870592631116,/workspace/cruci-classifier/results/grid_esm35m_e50/Pdomain/Blue/checkpoints/best_head.pt,/workspace/cruci-classifier/results/grid_esm35m_e50/Pdomain/Blue/checkpoints/final_head.pt,,,/workspace/cruci-classifier/results/grid_esm35m_e50/Pdomain/Blue/checkpoints/training_summary.json,/workspace/cruci-classifier/results/grid_esm35m_e50/Pdomain/Blue/checkpoints/train_val_split.json,0.5,408,238,170,0.5833333333333334,182,226,123,111,59,115,0.5735294117647058,0.584873949579832,0.6758241758241759,0.5168067226890757,0.6529411764705882,0.5857142857142857,0.16835554837830585,0.6186356895699456,0.6501870592631116,408,238,170,0.5833333333333334,182,226,123,111,59,115,0.5735294117647058,0.584873949579832,0.6758241758241759,0.5168067226890757,0.6529411764705882,0.5857142857142857,0.16835554837830585,0.6186356895699456,0.6501870592631116,0.23630788922309875,0.4954362213611603,408,238,170,0.5833333333333334,186,222,126,110,60,112,0.5784313725490197,0.5882352941176471,0.6774193548387096,0.5294117647058824,0.6470588235294118,0.5943396226415094,0.17468367225672535,0.6186356895699456,0.6501870592631116
Pdomain,Green,/workspace/cruci-classifier/results/grid_esm35m_e50/Pdomain/Green/eval/test_metrics.json,/workspace/cruci-classifier/results/grid_esm35m_e50/Pdomain/Green/prepared/Pdomain/Green/test.csv,/workspace/cruci-classifier/results/grid_esm35m_e50/Pdomain/Green/checkpoints/best_head.pt,cruci_esm_classifier_head,1,esm2_t12_35M_UR50D,12,bos,480,2026-05-28T11:06:53.849894+00:00,esm2_t12_35M_UR50D,cruci_esm_classifier_head,1,40,0.6831275720164609,2600,0.5002309083938599,/workspace/cruci-classifier/results/grid_esm35m_e50/Pdomain/Green/prepared/Pdomain/Green/train.csv,/workspace/cruci-classifier/results/grid_esm35m_e50/Pdomain/Green/prepared/Pdomain/Green/test.csv,,32,0.001,50,/workspace/cruci-classifier/results/grid_esm35m_e50/Pdomain/Green/checkpoints,0,False,cuda,42,0.5,0.15,1,,,,0,cruci,jwang003,esm35m_Pdomain_Green,offline,remove,replace_x,False,auto,/workspace/cruci-classifier/results/grid_esm35m_e50/Pdomain/Green/prepared/Pdomain/Green/train.csv,,/workspace/cruci-classifier/results/grid_esm35m_e50/Pdomain/Green/prepared/Pdomain/Green/test.csv,42,0.15,1,1634,288,561,769,1153,115,173,0,0,0,0,0,0,0,0,0,0,0,0,0,0,0,0,0,0,stratified_split_from_train_csv,288,115,173,0.3993055555555556,128,160,83,128,45,32,0.7326388888888888,0.7308117617491832,0.6484375,0.7217391304347827,0.7398843930635838,0.6831275720164609,0.45498274562756624,0.7856747926614728,0.6892368929759413,561,231,330,0.4117647058823529,246,315,194,278,52,37,0.8413547237076648,0.8411255411255412,0.7886178861788617,0.8398268398268398,0.8424242424242424,0.8134171907756813,0.6766815924932731,0.9059818968909877,0.8867780856905998,561,231,330,0.4117647058823529,246,315,194,278,52,37,0.8413547237076648,0.8411255411255412,0.7886178861788617,0.8398268398268398,0.8424242424242424,0.8134171907756813,0.6766815924932731,0.9059818968909877,0.8867780856905998,/workspace/cruci-classifier/results/grid_esm35m_e50/Pdomain/Green/checkpoints/best_head.pt,/workspace/cruci-classifier/results/grid_esm35m_e50/Pdomain/Green/checkpoints/final_head.pt,,,/workspace/cruci-classifier/results/grid_esm35m_e50/Pdomain/Green/checkpoints/training_summary.json,/workspace/cruci-classifier/results/grid_esm35m_e50/Pdomain/Green/checkpoints/train_val_split.json,0.5,561,231,330,0.4117647058823529,246,315,194,278,52,37,0.8413547237076648,0.8411255411255412,0.7886178861788617,0.8398268398268398,0.8424242424242424,0.8134171907756813,0.6766815924932731,0.9059818968909877,0.8867780856905998,561,231,330,0.4117647058823529,246,315,194,278,52,37,0.8413547237076648,0.8411255411255412,0.7886178861788617,0.8398268398268398,0.8424242424242424,0.8134171907756813,0.6766815924932731,0.9059818968909877,0.8867780856905998,0.48862501978874207,0.5002309083938599,561,231,330,0.4117647058823529,246,315,194,278,52,37,0.8413547237076648,0.8411255411255412,0.7886178861788617,0.8398268398268398,0.8424242424242424,0.8134171907756813,0.6766815924932731,0.9059818968909877,0.8867780856905998
Pdomain,Purple,/workspace/cruci-classifier/results/grid_esm35m_e50/Pdomain/Purple/eval/test_metrics.json,/workspace/cruci-classifier/results/grid_esm35m_e50/Pdomain/Purple/prepared/Pdomain/Purple/test.csv,/workspace/cruci-classifier/results/grid_esm35m_e50/Pdomain/Purple/checkpoints/best_head.pt,cruci_esm_classifier_head,1,esm2_t12_35M_UR50D,12,bos,480,2026-05-28T11:12:17.134134+00:00,esm2_t12_35M_UR50D,cruci_esm_classifier_head,1,47,0.71875,2650,0.49829530715942383,/workspace/cruci-classifier/results/grid_esm35m_e50/Pdomain/Purple/prepared/Pdomain/Purple/train.csv,/workspace/cruci-classifier/results/grid_esm35m_e50/Pdomain/Purple/prepared/Pdomain/Purple/test.csv,,32,0.001,50,/workspace/cruci-classifier/results/grid_esm35m_e50/Pdomain/Purple/checkpoints,0,False,cuda,42,0.5,0.15,1,,,,0,cruci,jwang003,esm35m_Pdomain_Purple,offline,remove,replace_x,False,auto,/workspace/cruci-classifier/results/grid_esm35m_e50/Pdomain/Purple/prepared/Pdomain/Purple/train.csv,,/workspace/cruci-classifier/results/grid_esm35m_e50/Pdomain/Purple/prepared/Pdomain/Purple/test.csv,42,0.15,1,1686,297,500,556,1427,83,214,0,0,0,0,0,0,0,0,0,0,0,0,0,0,0,0,0,0,stratified_split_from_train_csv,297,83,214,0.27946127946127947,109,188,69,174,40,14,0.8181818181818182,0.822204706677176,0.6330275229357798,0.8313253012048193,0.8130841121495327,0.71875,0.5999507976952596,0.8800247719851367,0.7481321582612513,500,444,56,0.888,353,147,316,19,37,128,0.67,0.525498712998713,0.8951841359773371,0.7117117117117117,0.3392857142857143,0.7929736511919699,0.03530105907237934,0.6345318532818534,0.9399596704503803,500,444,56,0.888,354,146,317,19,37,127,0.672,0.5266248391248392,0.8954802259887006,0.713963963963964,0.3392857142857143,0.7944862155388471,0.03693383695339483,0.6345318532818534,0.9399596704503803,/workspace/cruci-classifier/results/grid_esm35m_e50/Pdomain/Purple/checkpoints/best_head.pt,/workspace/cruci-classifier/results/grid_esm35m_e50/Pdomain/Purple/checkpoints/final_head.pt,,,/workspace/cruci-classifier/results/grid_esm35m_e50/Pdomain/Purple/checkpoints/training_summary.json,/workspace/cruci-classifier/results/grid_esm35m_e50/Pdomain/Purple/checkpoints/train_val_split.json,0.5,500,444,56,0.888,353,147,316,19,37,128,0.67,0.525498712998713,0.8951841359773371,0.7117117117117117,0.3392857142857143,0.7929736511919699,0.03530105907237934,0.6345318532818534,0.9399596704503803,500,444,56,0.888,353,147,316,19,37,128,0.67,0.525498712998713,0.8951841359773371,0.7117117117117117,0.3392857142857143,0.7929736511919699,0.03530105907237934,0.6345318532818534,0.9399596704503803,0.10430058091878891,0.49829530715942383,500,444,56,0.888,354,146,317,19,37,127,0.672,0.5266248391248392,0.8954802259887006,0.713963963963964,0.3392857142857143,0.7944862155388471,0.03693383695339483,0.6345318532818534,0.9399596704503803
Pdomain,Red,/workspace/cruci-classifier/results/grid_esm35m_e50/Pdomain/Red/eval/test_metrics.json,/workspace/cruci-classifier/results/grid_esm35m_e50/Pdomain/Red/prepared/Pdomain/Red/test.csv,/workspace/cruci-classifier/results/grid_esm35m_e50/Pdomain/Red/checkpoints/best_head.pt,cruci_esm_classifier_head,1,esm2_t12_35M_UR50D,12,bos,480,2026-05-28T11:17:46.829797+00:00,esm2_t12_35M_UR50D,cruci_esm_classifier_head,1,34,0.7514792899408284,2750,0.45838966965675354,/workspace/cruci-classifier/results/grid_esm35m_e50/Pdomain/Red/prepared/Pdomain/Red/train.csv,/workspace/cruci-classifier/results/grid_esm35m_e50/Pdomain/Red/prepared/Pdomain/Red/test.csv,,32,0.001,50,/workspace/cruci-classifier/results/grid_esm35m_e50/Pdomain/Red/checkpoints,0,False,cuda,42,0.5,0.15,1,,,,0,cruci,jwang003,esm35m_Pdomain_Red,offline,remove,replace_x,False,auto,/workspace/cruci-classifier/results/grid_esm35m_e50/Pdomain/Red/prepared/Pdomain/Red/train.csv,,/workspace/cruci-classifier/results/grid_esm35m_e50/Pdomain/Red/prepared/Pdomain/Red/test.csv,42,0.15,1,1733,305,445,995,1043,149,156,0,0,0,0,0,0,0,0,0,0,0,0,0,0,0,0,0,0,stratified_split_from_train_csv,305,149,156,0.4885245901639344,189,116,127,94,62,22,0.7245901639344262,0.7274565479263466,0.671957671957672,0.8523489932885906,0.6025641025641025,0.7514792899408284,0.46840764639894394,0.8286009292720702,0.8170577201315539,445,5,440,0.011235955056179775,98,347,3,345,95,2,0.7820224719101123,0.6920454545454545,0.030612244897959183,0.6,0.7840909090909091,0.05825242718446602,0.09769393285314755,0.7381818181818182,0.05991115861426999,445,5,440,0.011235955056179775,125,320,4,319,121,1,0.7258426966292135,0.7625,0.032,0.8,0.725,0.06153846153846154,0.12312341369536502,0.7381818181818182,0.05991115861426999,/workspace/cruci-classifier/results/grid_esm35m_e50/Pdomain/Red/checkpoints/best_head.pt,/workspace/cruci-classifier/results/grid_esm35m_e50/Pdomain/Red/checkpoints/final_head.pt,,,/workspace/cruci-classifier/results/grid_esm35m_e50/Pdomain/Red/checkpoints/training_summary.json,/workspace/cruci-classifier/results/grid_esm35m_e50/Pdomain/Red/checkpoints/train_val_split.json,0.5,445,5,440,0.011235955056179775,98,347,3,345,95,2,0.7820224719101123,0.6920454545454545,0.030612244897959183,0.6,0.7840909090909091,0.05825242718446602,0.09769393285314755,0.7381818181818182,0.05991115861426999,445,5,440,0.011235955056179775,98,347,3,345,95,2,0.7820224719101123,0.6920454545454545,0.030612244897959183,0.6,0.7840909090909091,0.05825242718446602,0.09769393285314755,0.7381818181818182,0.05991115861426999,0.6703317165374756,0.45838966965675354,445,5,440,0.011235955056179775,125,320,4,319,121,1,0.7258426966292135,0.7625,0.032,0.8,0.725,0.06153846153846154,0.12312341369536502,0.7381818181818182,0.05991115861426999
Pdomain,Yellow,/workspace/cruci-classifier/results/grid_esm35m_e50/Pdomain/Yellow/eval/test_metrics.json,/workspace/cruci-classifier/results/grid_esm35m_e50/Pdomain/Yellow/prepared/Pdomain/Yellow/test.csv,/workspace/cruci-classifier/results/grid_esm35m_e50/Pdomain/Yellow/checkpoints/best_head.pt,cruci_esm_classifier_head,1,esm2_t12_35M_UR50D,12,bos,480,2026-05-28T11:22:57.240971+00:00,esm2_t12_35M_UR50D,cruci_esm_classifier_head,1,49,0.8137931034482758,2550,0.4989717900753021,/workspace/cruci-classifier/results/grid_esm35m_e50/Pdomain/Yellow/prepared/Pdomain/Yellow/train.csv,/workspace/cruci-classifier/results/grid_esm35m_e50/Pdomain/Yellow/prepared/Pdomain/Yellow/test.csv,,32,0.001,50,/workspace/cruci-classifier/results/grid_esm35m_e50/Pdomain/Yellow/checkpoints,0,False,cuda,42,0.5,0.15,1,,,,0,cruci,jwang003,esm35m_Pdomain_Yellow,offline,remove,replace_x,False,auto,/workspace/cruci-classifier/results/grid_esm35m_e50/Pdomain/Yellow/prepared/Pdomain/Yellow/train.csv,,/workspace/cruci-classifier/results/grid_esm35m_e50/Pdomain/Yellow/prepared/Pdomain/Yellow/test.csv,42,0.15,1,1628,288,567,918,998,138,150,0,0,0,0,0,0,0,0,0,0,0,0,0,0,0,0,0,0,stratified_split_from_train_csv,288,138,150,0.4791666666666667,152,136,118,116,34,20,0.8125,0.8142028985507246,0.7763157894736842,0.855072463768116,0.7733333333333333,0.8137931034482758,0.6288312375080058,0.890096618357488,0.8855173030227003,567,82,485,0.14462081128747795,298,269,62,249,236,20,0.5485008818342152,0.6347498114156399,0.2080536912751678,0.7560975609756098,0.51340206185567,0.3263157894736842,0.1898242467347301,0.7231833039979885,0.381152080289502,567,82,485,0.14462081128747795,299,268,62,248,237,20,0.54673721340388,0.6337188835805884,0.20735785953177258,0.7560975609756098,0.511340206185567,0.32545931758530183,0.18840722022002562,0.7231833039979885,0.381152080289502,/workspace/cruci-classifier/results/grid_esm35m_e50/Pdomain/Yellow/checkpoints/best_head.pt,/workspace/cruci-classifier/results/grid_esm35m_e50/Pdomain/Yellow/checkpoints/final_head.pt,,,/workspace/cruci-classifier/results/grid_esm35m_e50/Pdomain/Yellow/checkpoints/training_summary.json,/workspace/cruci-classifier/results/grid_esm35m_e50/Pdomain/Yellow/checkpoints/train_val_split.json,0.5,567,82,485,0.14462081128747795,298,269,62,249,236,20,0.5485008818342152,0.6347498114156399,0.2080536912751678,0.7560975609756098,0.51340206185567,0.3263157894736842,0.1898242467347301,0.7231833039979885,0.381152080289502,567,82,485,0.14462081128747795,298,269,62,249,236,20,0.5485008818342152,0.6347498114156399,0.2080536912751678,0.7560975609756098,0.51340206185567,0.3263157894736842,0.1898242467347301,0.7231833039979885,0.381152080289502,0.6843695044517517,0.4989717900753021,567,82,485,0.14462081128747795,299,268,62,248,237,20,0.54673721340388,0.6337188835805884,0.20735785953177258,0.7560975609756098,0.511340206185567,0.32545931758530183,0.18840722022002562,0.7231833039979885,0.381152080289502
Rdomain,Blue,/workspace/cruci-classifier/results/grid_esm35m_e50/Rdomain/Blue/eval/test_metrics.json,/workspace/cruci-classifier/results/grid_esm35m_e50/Rdomain/Blue/prepared/Rdomain/Blue/test.csv,/workspace/cruci-classifier/results/grid_esm35m_e50/Rdomain/Blue/checkpoints/best_head.pt,cruci_esm_classifier_head,1,esm2_t12_35M_UR50D,12,bos,480,2026-05-28T10:23:42.887069+00:00,esm2_t12_35M_UR50D,cruci_esm_classifier_head,1,40,0.8849557522123894,2700,0.4960196018218994,/workspace/cruci-classifier/results/grid_esm35m_e50/Rdomain/Blue/prepared/Rdomain/Blue/train.csv,/workspace/cruci-classifier/results/grid_esm35m_e50/Rdomain/Blue/prepared/Rdomain/Blue/test.csv,,32,0.001,50,/workspace/cruci-classifier/results/grid_esm35m_e50/Rdomain/Blue/checkpoints,0,False,cuda,42,0.5,0.15,1,,,,0,cruci,jwang003,esm35m_Rdomain_Blue,offline,remove,replace_x,False,auto,/workspace/cruci-classifier/results/grid_esm35m_e50/Rdomain/Blue/prepared/Rdomain/Blue/train.csv,,/workspace/cruci-classifier/results/grid_esm35m_e50/Rdomain/Blue/prepared/Rdomain/Blue/test.csv,42,0.15,1,1722,304,408,734,1292,110,194,0,0,0,0,0,0,0,0,0,0,0,0,0,0,0,0,0,0,stratified_split_from_train_csv,304,110,194,0.3618421052631579,116,188,100,178,16,10,0.9144736842105263,0.9133083411433927,0.8620689655172413,0.9090909090909091,0.9175257731958762,0.8849557522123894,0.8176989762230353,0.9452202436738519,0.8958550873163921,408,238,170,0.5833333333333334,245,163,218,143,27,20,0.8848039215686274,0.8785714285714286,0.889795918367347,0.9159663865546218,0.8411764705882353,0.9026915113871635,0.7621034443171723,0.9356401384083045,0.9493078811791611,408,238,170,0.5833333333333334,246,162,218,142,28,20,0.8823529411764706,0.8756302521008403,0.8861788617886179,0.9159663865546218,0.8352941176470589,0.9008264462809917,0.7569695952446963,0.9356401384083045,0.9493078811791611,/workspace/cruci-classifier/results/grid_esm35m_e50/Rdomain/Blue/checkpoints/best_head.pt,/workspace/cruci-classifier/results/grid_esm35m_e50/Rdomain/Blue/checkpoints/final_head.pt,,,/workspace/cruci-classifier/results/grid_esm35m_e50/Rdomain/Blue/checkpoints/training_summary.json,/workspace/cruci-classifier/results/grid_esm35m_e50/Rdomain/Blue/checkpoints/train_val_split.json,0.5,408,238,170,0.5833333333333334,245,163,218,143,27,20,0.8848039215686274,0.8785714285714286,0.889795918367347,0.9159663865546218,0.8411764705882353,0.9026915113871635,0.7621034443171723,0.9356401384083045,0.9493078811791611,408,238,170,0.5833333333333334,245,163,218,143,27,20,0.8848039215686274,0.8785714285714286,0.889795918367347,0.9159663865546218,0.8411764705882353,0.9026915113871635,0.7621034443171723,0.9356401384083045,0.9493078811791611,0.4558234214782715,0.4960196018218994,408,238,170,0.5833333333333334,246,162,218,142,28,20,0.8823529411764706,0.8756302521008403,0.8861788617886179,0.9159663865546218,0.8352941176470589,0.9008264462809917,0.7569695952446963,0.9356401384083045,0.9493078811791611
Rdomain,Green,/workspace/cruci-classifier/results/grid_esm35m_e50/Rdomain/Green/eval/test_metrics.json,/workspace/cruci-classifier/results/grid_esm35m_e50/Rdomain/Green/prepared/Rdomain/Green/test.csv,/workspace/cruci-classifier/results/grid_esm35m_e50/Rdomain/Green/checkpoints/best_head.pt,cruci_esm_classifier_head,1,esm2_t12_35M_UR50D,12,bos,480,2026-05-28T10:27:14.618819+00:00,esm2_t12_35M_UR50D,cruci_esm_classifier_head,1,49,0.9012875536480687,2550,0.5166996717453003,/workspace/cruci-classifier/results/grid_esm35m_e50/Rdomain/Green/prepared/Rdomain/Green/train.csv,/workspace/cruci-classifier/results/grid_esm35m_e50/Rdomain/Green/prepared/Rdomain/Green/test.csv,,32,0.001,50,/workspace/cruci-classifier/results/grid_esm35m_e50/Rdomain/Green/checkpoints,0,False,cuda,42,0.5,0.15,1,,,,0,cruci,jwang003,esm35m_Rdomain_Green,offline,remove,replace_x,False,auto,/workspace/cruci-classifier/results/grid_esm35m_e50/Rdomain/Green/prepared/Rdomain/Green/train.csv,,/workspace/cruci-classifier/results/grid_esm35m_e50/Rdomain/Green/prepared/Rdomain/Green/test.csv,42,0.15,1,1626,287,521,764,1149,115,172,0,0,0,0,0,0,0,0,0,0,0,0,0,0,0,0,0,0,stratified_split_from_train_csv,287,115,172,0.40069686411149824,118,169,105,159,13,10,0.9198606271777003,0.9187310414560161,0.8898305084745762,0.9130434782608695,0.9244186046511628,0.9012875536480687,0.8340535604280535,0.9730030333670374,0.9637319984346849,521,208,313,0.39923224568138194,204,317,178,287,26,30,0.8925143953934741,0.8863510690587368,0.8725490196078431,0.8557692307692307,0.9169329073482428,0.8640776699029126,0.7753025910910423,0.9481905873679037,0.9418439367280398,521,208,313,0.39923224568138194,203,318,178,288,25,30,0.8944337811900192,0.8879485131481937,0.8768472906403941,0.8557692307692307,0.9201277955271565,0.8661800486618005,0.7791953366482985,0.9481905873679037,0.9418439367280398,/workspace/cruci-classifier/results/grid_esm35m_e50/Rdomain/Green/checkpoints/best_head.pt,/workspace/cruci-classifier/results/grid_esm35m_e50/Rdomain/Green/checkpoints/final_head.pt,,,/workspace/cruci-classifier/results/grid_esm35m_e50/Rdomain/Green/checkpoints/training_summary.json,/workspace/cruci-classifier/results/grid_esm35m_e50/Rdomain/Green/checkpoints/train_val_split.json,0.5,521,208,313,0.39923224568138194,204,317,178,287,26,30,0.8925143953934741,0.8863510690587368,0.8725490196078431,0.8557692307692307,0.9169329073482428,0.8640776699029126,0.7753025910910423,0.9481905873679037,0.9418439367280398,521,208,313,0.39923224568138194,204,317,178,287,26,30,0.8925143953934741,0.8863510690587368,0.8725490196078431,0.8557692307692307,0.9169329073482428,0.8640776699029126,0.7753025910910423,0.9481905873679037,0.9418439367280398,0.4029048681259155,0.5166996717453003,521,208,313,0.39923224568138194,203,318,178,288,25,30,0.8944337811900192,0.8879485131481937,0.8768472906403941,0.8557692307692307,0.9201277955271565,0.8661800486618005,0.7791953366482985,0.9481905873679037,0.9418439367280398
Rdomain,Purple,/workspace/cruci-classifier/results/grid_esm35m_e50/Rdomain/Purple/eval/test_metrics.json,/workspace/cruci-classifier/results/grid_esm35m_e50/Rdomain/Purple/prepared/Rdomain/Purple/test.csv,/workspace/cruci-classifier/results/grid_esm35m_e50/Rdomain/Purple/checkpoints/best_head.pt,cruci_esm_classifier_head,1,esm2_t12_35M_UR50D,12,bos,480,2026-05-28T10:30:56.211824+00:00,esm2_t12_35M_UR50D,cruci_esm_classifier_head,1,37,0.874251497005988,2600,0.5012195110321045,/workspace/cruci-classifier/results/grid_esm35m_e50/Rdomain/Purple/prepared/Rdomain/Purple/train.csv,/workspace/cruci-classifier/results/grid_esm35m_e50/Rdomain/Purple/prepared/Rdomain/Purple/test.csv,,32,0.001,50,/workspace/cruci-classifier/results/grid_esm35m_e50/Rdomain/Purple/checkpoints,0,False,cuda,42,0.5,0.15,1,,,,0,cruci,jwang003,esm35m_Rdomain_Purple,offline,remove,replace_x,False,auto,/workspace/cruci-classifier/results/grid_esm35m_e50/Rdomain/Purple/prepared/Rdomain/Purple/train.csv,,/workspace/cruci-classifier/results/grid_esm35m_e50/Rdomain/Purple/prepared/Rdomain/Purple/test.csv,42,0.15,1,1645,291,498,530,1406,80,211,0,0,0,0,0,0,0,0,0,0,0,0,0,0,0,0,0,0,stratified_split_from_train_csv,291,80,211,0.27491408934707906,87,204,73,197,14,7,0.9278350515463918,0.9230746445497631,0.8390804597701149,0.9125,0.933649289099526,0.874251497005988,0.8251986428138988,0.9484597156398106,0.9067393327558066,498,442,56,0.8875502008032129,393,105,379,42,14,63,0.8453815261044176,0.8037330316742082,0.9643765903307888,0.8574660633484162,0.75,0.9077844311377246,0.47047466765444756,0.9023917259211378,0.986230371520722,498,442,56,0.8875502008032129,393,105,379,42,14,63,0.8453815261044176,0.8037330316742082,0.9643765903307888,0.8574660633484162,0.75,0.9077844311377246,0.47047466765444756,0.9023917259211378,0.986230371520722,/workspace/cruci-classifier/results/grid_esm35m_e50/Rdomain/Purple/checkpoints/best_head.pt,/workspace/cruci-classifier/results/grid_esm35m_e50/Rdomain/Purple/checkpoints/final_head.pt,,,/workspace/cruci-classifier/results/grid_esm35m_e50/Rdomain/Purple/checkpoints/training_summary.json,/workspace/cruci-classifier/results/grid_esm35m_e50/Rdomain/Purple/checkpoints/train_val_split.json,0.5,498,442,56,0.8875502008032129,393,105,379,42,14,63,0.8453815261044176,0.8037330316742082,0.9643765903307888,0.8574660633484162,0.75,0.9077844311377246,0.47047466765444756,0.9023917259211378,0.986230371520722,498,442,56,0.8875502008032129,393,105,379,42,14,63,0.8453815261044176,0.8037330316742082,0.9643765903307888,0.8574660633484162,0.75,0.9077844311377246,0.47047466765444756,0.9023917259211378,0.986230371520722,0.1993688941001892,0.5012195110321045,498,442,56,0.8875502008032129,393,105,379,42,14,63,0.8453815261044176,0.8037330316742082,0.9643765903307888,0.8574660633484162,0.75,0.9077844311377246,0.47047466765444756,0.9023917259211378,0.986230371520722
Rdomain,Red,/workspace/cruci-classifier/results/grid_esm35m_e50/Rdomain/Red/eval/test_metrics.json,/workspace/cruci-classifier/results/grid_esm35m_e50/Rdomain/Red/prepared/Rdomain/Red/test.csv,/workspace/cruci-classifier/results/grid_esm35m_e50/Rdomain/Red/checkpoints/best_head.pt,cruci_esm_classifier_head,1,esm2_t12_35M_UR50D,12,bos,480,2026-05-28T10:34:34.567040+00:00,esm2_t12_35M_UR50D,cruci_esm_classifier_head,1,40,0.9045936395759717,2650,0.512529730796814,/workspace/cruci-classifier/results/grid_esm35m_e50/Rdomain/Red/prepared/Rdomain/Red/train.csv,/workspace/cruci-classifier/results/grid_esm35m_e50/Rdomain/Red/prepared/Rdomain/Red/test.csv,,32,0.001,50,/workspace/cruci-classifier/results/grid_esm35m_e50/Rdomain/Red/checkpoints,0,False,cuda,42,0.5,0.15,1,,,,0,cruci,jwang003,esm35m_Rdomain_Red,offline,remove,replace_x,False,auto,/workspace/cruci-classifier/results/grid_esm35m_e50/Rdomain/Red/prepared/Rdomain/Red/train.csv,,/workspace/cruci-classifier/results/grid_esm35m_e50/Rdomain/Red/prepared/Rdomain/Red/test.csv,42,0.15,1,1694,299,441,967,1026,145,154,0,0,0,0,0,0,0,0,0,0,0,0,0,0,0,0,0,0,stratified_split_from_train_csv,299,145,154,0.48494983277591974,138,161,128,144,10,17,0.9096989966555183,0.908911777877295,0.927536231884058,0.8827586206896552,0.935064935064935,0.9045936395759717,0.8198822715500153,0.9556202418271385,0.9519305402761156,441,5,436,0.011337868480725623,32,409,3,407,29,2,0.9297052154195011,0.766743119266055,0.09375,0.6,0.9334862385321101,0.16216216216216217,0.21772827147533372,0.8711009174311927,0.381528326745718,441,5,436,0.011337868480725623,30,411,3,409,27,2,0.9342403628117913,0.7690366972477064,0.1,0.6,0.9380733944954128,0.17142857142857143,0.22624981200551744,0.8711009174311927,0.381528326745718,/workspace/cruci-classifier/results/grid_esm35m_e50/Rdomain/Red/checkpoints/best_head.pt,/workspace/cruci-classifier/results/grid_esm35m_e50/Rdomain/Red/checkpoints/final_head.pt,,,/workspace/cruci-classifier/results/grid_esm35m_e50/Rdomain/Red/checkpoints/training_summary.json,/workspace/cruci-classifier/results/grid_esm35m_e50/Rdomain/Red/checkpoints/train_val_split.json,0.5,441,5,436,0.011337868480725623,32,409,3,407,29,2,0.9297052154195011,0.766743119266055,0.09375,0.6,0.9334862385321101,0.16216216216216217,0.21772827147533372,0.8711009174311927,0.381528326745718,441,5,436,0.011337868480725623,32,409,3,407,29,2,0.9297052154195011,0.766743119266055,0.09375,0.6,0.9334862385321101,0.16216216216216217,0.21772827147533372,0.8711009174311927,0.381528326745718,0.7546148896217346,0.512529730796814,441,5,436,0.011337868480725623,30,411,3,409,27,2,0.9342403628117913,0.7690366972477064,0.1,0.6,0.9380733944954128,0.17142857142857143,0.22624981200551744,0.8711009174311927,0.381528326745718
Rdomain,Yellow,/workspace/cruci-classifier/results/grid_esm35m_e50/Rdomain/Yellow/eval/test_metrics.json,/workspace/cruci-classifier/results/grid_esm35m_e50/Rdomain/Yellow/prepared/Rdomain/Yellow/test.csv,/workspace/cruci-classifier/results/grid_esm35m_e50/Rdomain/Yellow/checkpoints/best_head.pt,cruci_esm_classifier_head,1,esm2_t12_35M_UR50D,12,bos,480,2026-05-28T10:38:13.952193+00:00,esm2_t12_35M_UR50D,cruci_esm_classifier_head,1,47,0.8840579710144928,2500,0.471052885055542,/workspace/cruci-classifier/results/grid_esm35m_e50/Rdomain/Yellow/prepared/Rdomain/Yellow/train.csv,/workspace/cruci-classifier/results/grid_esm35m_e50/Rdomain/Yellow/prepared/Rdomain/Yellow/test.csv,,32,0.001,50,/workspace/cruci-classifier/results/grid_esm35m_e50/Rdomain/Yellow/checkpoints,0,False,cuda,42,0.5,0.15,1,,,,0,cruci,jwang003,esm35m_Rdomain_Yellow,offline,remove,replace_x,False,auto,/workspace/cruci-classifier/results/grid_esm35m_e50/Rdomain/Yellow/prepared/Rdomain/Yellow/train.csv,,/workspace/cruci-classifier/results/grid_esm35m_e50/Rdomain/Yellow/prepared/Rdomain/Yellow/test.csv,42,0.15,1,1590,281,563,893,978,134,147,0,0,0,0,0,0,0,0,0,0,0,0,0,0,0,0,0,0,stratified_split_from_train_csv,281,134,147,0.47686832740213525,142,139,122,127,20,12,0.8861209964412812,0.8871966697126612,0.8591549295774648,0.9104477611940298,0.8639455782312925,0.8840579710144928,0.7736082689280597,0.9318204893897858,0.9008696054817474,563,79,484,0.14031971580817051,219,344,65,330,154,14,0.7015985790408525,0.752301495972382,0.2968036529680365,0.8227848101265823,0.6818181818181818,0.436241610738255,0.35948830722428915,0.8425305994350873,0.66328122692648,563,79,484,0.14031971580817051,239,324,65,310,174,14,0.6660746003552398,0.7316403389475887,0.2719665271966527,0.8227848101265823,0.640495867768595,0.4088050314465409,0.32554344746555297,0.8425305994350873,0.66328122692648,/workspace/cruci-classifier/results/grid_esm35m_e50/Rdomain/Yellow/checkpoints/best_head.pt,/workspace/cruci-classifier/results/grid_esm35m_e50/Rdomain/Yellow/checkpoints/final_head.pt,,,/workspace/cruci-classifier/results/grid_esm35m_e50/Rdomain/Yellow/checkpoints/training_summary.json,/workspace/cruci-classifier/results/grid_esm35m_e50/Rdomain/Yellow/checkpoints/train_val_split.json,0.5,563,79,484,0.14031971580817051,219,344,65,330,154,14,0.7015985790408525,0.752301495972382,0.2968036529680365,0.8227848101265823,0.6818181818181818,0.436241610738255,0.35948830722428915,0.8425305994350873,0.66328122692648,563,79,484,0.14031971580817051,219,344,65,330,154,14,0.7015985790408525,0.752301495972382,0.2968036529680365,0.8227848101265823,0.6818181818181818,0.436241610738255,0.35948830722428915,0.8425305994350873,0.66328122692648,0.71169114112854,0.471052885055542,563,79,484,0.14031971580817051,239,324,65,310,174,14,0.6660746003552398,0.7316403389475887,0.2719665271966527,0.8227848101265823,0.640495867768595,0.4088050314465409,0.32554344746555297,0.8425305994350873,0.66328122692648
Sdomain,Blue,/workspace/cruci-classifier/results/grid_esm35m_e50/Sdomain/Blue/eval/test_metrics.json,/workspace/cruci-classifier/results/grid_esm35m_e50/Sdomain/Blue/prepared/Sdomain/Blue/test.csv,/workspace/cruci-classifier/results/grid_esm35m_e50/Sdomain/Blue/checkpoints/best_head.pt,cruci_esm_classifier_head,1,esm2_t12_35M_UR50D,12,bos,480,2026-05-28T10:41:55.335059+00:00,esm2_t12_35M_UR50D,cruci_esm_classifier_head,1,50,0.7557251908396947,2800,0.39502382278442383,/workspace/cruci-classifier/results/grid_esm35m_e50/Sdomain/Blue/prepared/Sdomain/Blue/train.csv,/workspace/cruci-classifier/results/grid_esm35m_e50/Sdomain/Blue/prepared/Sdomain/Blue/test.csv,,32,0.001,50,/workspace/cruci-classifier/results/grid_esm35m_e50/Sdomain/Blue/checkpoints,0,False,cuda,42,0.5,0.15,1,,,,0,cruci,jwang003,esm35m_Sdomain_Blue,offline,remove,replace_x,False,auto,/workspace/cruci-classifier/results/grid_esm35m_e50/Sdomain/Blue/prepared/Sdomain/Blue/train.csv,,/workspace/cruci-classifier/results/grid_esm35m_e50/Sdomain/Blue/prepared/Sdomain/Blue/test.csv,42,0.15,1,1765,311,408,762,1314,114,197,0,0,0,0,0,0,0,0,0,0,0,0,0,0,0,0,0,0,stratified_split_from_train_csv,311,114,197,0.3665594855305466,148,163,99,148,49,15,0.7942122186495176,0.809845044082287,0.668918918918919,0.868421052631579,0.751269035532995,0.7557251908396947,0.5979094652285976,0.8996348739869979,0.8293576987848142,408,238,170,0.5833333333333334,293,115,204,81,89,34,0.6985294117647058,0.6668067226890756,0.6962457337883959,0.8571428571428571,0.4764705882352941,0.768361581920904,0.3655726982507242,0.7533119130004944,0.8139757922628296,408,238,170,0.5833333333333334,355,53,231,46,124,7,0.678921568627451,0.6205882352941177,0.6507042253521127,0.9705882352941176,0.27058823529411763,0.7790893760539629,0.35366799735323373,0.7533119130004944,0.8139757922628296,/workspace/cruci-classifier/results/grid_esm35m_e50/Sdomain/Blue/checkpoints/best_head.pt,/workspace/cruci-classifier/results/grid_esm35m_e50/Sdomain/Blue/checkpoints/final_head.pt,,,/workspace/cruci-classifier/results/grid_esm35m_e50/Sdomain/Blue/checkpoints/training_summary.json,/workspace/cruci-classifier/results/grid_esm35m_e50/Sdomain/Blue/checkpoints/train_val_split.json,0.5,408,238,170,0.5833333333333334,293,115,204,81,89,34,0.6985294117647058,0.6668067226890756,0.6962457337883959,0.8571428571428571,0.4764705882352941,0.768361581920904,0.3655726982507242,0.7533119130004944,0.8139757922628296,408,238,170,0.5833333333333334,293,115,204,81,89,34,0.6985294117647058,0.6668067226890756,0.6962457337883959,0.8571428571428571,0.4764705882352941,0.768361581920904,0.3655726982507242,0.7533119130004944,0.8139757922628296,0.4232855439186096,0.39502382278442383,408,238,170,0.5833333333333334,355,53,231,46,124,7,0.678921568627451,0.6205882352941177,0.6507042253521127,0.9705882352941176,0.27058823529411763,0.7790893760539629,0.35366799735323373,0.7533119130004944,0.8139757922628296
Sdomain,Green,/workspace/cruci-classifier/results/grid_esm35m_e50/Sdomain/Green/eval/test_metrics.json,/workspace/cruci-classifier/results/grid_esm35m_e50/Sdomain/Green/prepared/Sdomain/Green/test.csv,/workspace/cruci-classifier/results/grid_esm35m_e50/Sdomain/Green/checkpoints/best_head.pt,cruci_esm_classifier_head,1,esm2_t12_35M_UR50D,12,bos,480,2026-05-28T10:45:18.056728+00:00,esm2_t12_35M_UR50D,cruci_esm_classifier_head,1,44,0.7786885245901639,2600,0.5480888485908508,/workspace/cruci-classifier/results/grid_esm35m_e50/Sdomain/Green/prepared/Sdomain/Green/train.csv,/workspace/cruci-classifier/results/grid_esm35m_e50/Sdomain/Green/prepared/Sdomain/Green/test.csv,,32,0.001,50,/workspace/cruci-classifier/results/grid_esm35m_e50/Sdomain/Green/checkpoints,0,False,cuda,42,0.5,0.15,1,,,,0,cruci,jwang003,esm35m_Sdomain_Green,offline,remove,replace_x,False,auto,/workspace/cruci-classifier/results/grid_esm35m_e50/Sdomain/Green/prepared/Sdomain/Green/train.csv,,/workspace/cruci-classifier/results/grid_esm35m_e50/Sdomain/Green/prepared/Sdomain/Green/test.csv,42,0.15,1,1635,288,561,769,1154,115,173,0,0,0,0,0,0,0,0,0,0,0,0,0,0,0,0,0,0,stratified_split_from_train_csv,288,115,173,0.3993055555555556,129,159,95,139,34,20,0.8125,0.8147775823071124,0.7364341085271318,0.8260869565217391,0.8034682080924855,0.7786885245901639,0.6200294892495323,0.8895702437798442,0.8492916679783246,561,231,330,0.4117647058823529,139,422,130,321,9,101,0.803921568627451,0.7677489177489178,0.935251798561151,0.5627705627705628,0.9727272727272728,0.7027027027027027,0.6104597774433488,0.9250819887183523,0.8972172702083373,561,231,330,0.4117647058823529,115,446,112,327,3,119,0.7825311942959001,0.7378787878787879,0.9739130434782609,0.48484848484848486,0.990909090909091,0.6473988439306358,0.5800057818336134,0.9250819887183523,0.8972172702083373,/workspace/cruci-classifier/results/grid_esm35m_e50/Sdomain/Green/checkpoints/best_head.pt,/workspace/cruci-classifier/results/grid_esm35m_e50/Sdomain/Green/checkpoints/final_head.pt,,,/workspace/cruci-classifier/results/grid_esm35m_e50/Sdomain/Green/checkpoints/training_summary.json,/workspace/cruci-classifier/results/grid_esm35m_e50/Sdomain/Green/checkpoints/train_val_split.json,0.5,561,231,330,0.4117647058823529,139,422,130,321,9,101,0.803921568627451,0.7677489177489178,0.935251798561151,0.5627705627705628,0.9727272727272728,0.7027027027027027,0.6104597774433488,0.9250819887183523,0.8972172702083373,561,231,330,0.4117647058823529,139,422,130,321,9,101,0.803921568627451,0.7677489177489178,0.935251798561151,0.5627705627705628,0.9727272727272728,0.7027027027027027,0.6104597774433488,0.9250819887183523,0.8972172702083373,0.34175819158554077,0.5480888485908508,561,231,330,0.4117647058823529,115,446,112,327,3,119,0.7825311942959001,0.7378787878787879,0.9739130434782609,0.48484848484848486,0.990909090909091,0.6473988439306358,0.5800057818336134,0.9250819887183523,0.8972172702083373
Sdomain,Purple,/workspace/cruci-classifier/results/grid_esm35m_e50/Sdomain/Purple/eval/test_metrics.json,/workspace/cruci-classifier/results/grid_esm35m_e50/Sdomain/Purple/prepared/Sdomain/Purple/test.csv,/workspace/cruci-classifier/results/grid_esm35m_e50/Sdomain/Purple/checkpoints/best_head.pt,cruci_esm_classifier_head,1,esm2_t12_35M_UR50D,12,bos,480,2026-05-28T10:48:51.590562+00:00,esm2_t12_35M_UR50D,cruci_esm_classifier_head,1,40,0.743455497382199,2650,0.5010125041007996,/workspace/cruci-classifier/results/grid_esm35m_e50/Sdomain/Purple/prepared/Sdomain/Purple/train.csv,/workspace/cruci-classifier/results/grid_esm35m_e50/Sdomain/Purple/prepared/Sdomain/Purple/test.csv,,32,0.001,50,/workspace/cruci-classifier/results/grid_esm35m_e50/Sdomain/Purple/checkpoints,0,False,cuda,42,0.5,0.15,1,,,,0,cruci,jwang003,esm35m_Sdomain_Purple,offline,remove,replace_x,False,auto,/workspace/cruci-classifier/results/grid_esm35m_e50/Sdomain/Purple/prepared/Sdomain/Purple/train.csv,,/workspace/cruci-classifier/results/grid_esm35m_e50/Sdomain/Purple/prepared/Sdomain/Purple/test.csv,42,0.15,1,1687,297,500,556,1428,83,214,0,0,0,0,0,0,0,0,0,0,0,0,0,0,0,0,0,0,stratified_split_from_train_csv,297,83,214,0.27946127946127947,108,189,71,177,37,12,0.835016835016835,0.8412622452426528,0.6574074074074074,0.8554216867469879,0.8271028037383178,0.743455497382199,0.6366802710130299,0.9042900574259656,0.7612001484441486,500,444,56,0.888,396,104,356,16,40,88,0.744,0.5437580437580438,0.898989898989899,0.8018018018018018,0.2857142857142857,0.8476190476190476,0.06800003400002551,0.6331241956241955,0.9318718052205576,500,444,56,0.888,396,104,356,16,40,88,0.744,0.5437580437580438,0.898989898989899,0.8018018018018018,0.2857142857142857,0.8476190476190476,0.06800003400002551,0.6331241956241955,0.9318718052205576,/workspace/cruci-classifier/results/grid_esm35m_e50/Sdomain/Purple/checkpoints/best_head.pt,/workspace/cruci-classifier/results/grid_esm35m_e50/Sdomain/Purple/checkpoints/final_head.pt,,,/workspace/cruci-classifier/results/grid_esm35m_e50/Sdomain/Purple/checkpoints/training_summary.json,/workspace/cruci-classifier/results/grid_esm35m_e50/Sdomain/Purple/checkpoints/train_val_split.json,0.5,500,444,56,0.888,396,104,356,16,40,88,0.744,0.5437580437580438,0.898989898989899,0.8018018018018018,0.2857142857142857,0.8476190476190476,0.06800003400002551,0.6331241956241955,0.9318718052205576,500,444,56,0.888,396,104,356,16,40,88,0.744,0.5437580437580438,0.898989898989899,0.8018018018018018,0.2857142857142857,0.8476190476190476,0.06800003400002551,0.6331241956241955,0.9318718052205576,0.1351124495267868,0.5010125041007996,500,444,56,0.888,396,104,356,16,40,88,0.744,0.5437580437580438,0.898989898989899,0.8018018018018018,0.2857142857142857,0.8476190476190476,0.06800003400002551,0.6331241956241955,0.9318718052205576
Sdomain,Red,/workspace/cruci-classifier/results/grid_esm35m_e50/Sdomain/Red/eval/test_metrics.json,/workspace/cruci-classifier/results/grid_esm35m_e50/Sdomain/Red/prepared/Sdomain/Red/test.csv,/workspace/cruci-classifier/results/grid_esm35m_e50/Sdomain/Red/checkpoints/best_head.pt,cruci_esm_classifier_head,1,esm2_t12_35M_UR50D,12,bos,480,2026-05-28T10:52:32.507329+00:00,esm2_t12_35M_UR50D,cruci_esm_classifier_head,1,46,0.7987616099071208,2750,0.40079811215400696,/workspace/cruci-classifier/results/grid_esm35m_e50/Sdomain/Red/prepared/Sdomain/Red/train.csv,/workspace/cruci-classifier/results/grid_esm35m_e50/Sdomain/Red/prepared/Sdomain/Red/test.csv,,32,0.001,50,/workspace/cruci-classifier/results/grid_esm35m_e50/Sdomain/Red/checkpoints,0,False,cuda,42,0.5,0.15,1,,,,0,cruci,jwang003,esm35m_Sdomain_Red,offline,remove,replace_x,False,auto,/workspace/cruci-classifier/results/grid_esm35m_e50/Sdomain/Red/prepared/Sdomain/Red/train.csv,,/workspace/cruci-classifier/results/grid_esm35m_e50/Sdomain/Red/prepared/Sdomain/Red/test.csv,42,0.15,1,1733,306,445,995,1044,149,157,0,0,0,0,0,0,0,0,0,0,0,0,0,0,0,0,0,0,stratified_split_from_train_csv,306,149,157,0.4869281045751634,174,132,129,112,45,20,0.7875816993464052,0.7895738041294404,0.7413793103448276,0.8657718120805369,0.7133757961783439,0.7987616099071208,0.5844813228699814,0.890437310306502,0.877249925624881,445,5,440,0.011235955056179775,49,396,1,392,48,4,0.8831460674157303,0.5454545454545454,0.02040816326530612,0.2,0.8909090909090909,0.037037037037037035,0.03061068316824881,0.6713636363636364,0.05836141679585907,445,5,440,0.011235955056179775,88,357,2,354,86,3,0.8,0.6022727272727273,0.022727272727272728,0.4,0.8045454545454546,0.043010752688172046,0.054128467229825776,0.6713636363636364,0.05836141679585907,/workspace/cruci-classifier/results/grid_esm35m_e50/Sdomain/Red/checkpoints/best_head.pt,/workspace/cruci-classifier/results/grid_esm35m_e50/Sdomain/Red/checkpoints/final_head.pt,,,/workspace/cruci-classifier/results/grid_esm35m_e50/Sdomain/Red/checkpoints/training_summary.json,/workspace/cruci-classifier/results/grid_esm35m_e50/Sdomain/Red/checkpoints/train_val_split.json,0.5,445,5,440,0.011235955056179775,49,396,1,392,48,4,0.8831460674157303,0.5454545454545454,0.02040816326530612,0.2,0.8909090909090909,0.037037037037037035,0.03061068316824881,0.6713636363636364,0.05836141679585907,445,5,440,0.011235955056179775,49,396,1,392,48,4,0.8831460674157303,0.5454545454545454,0.02040816326530612,0.2,0.8909090909090909,0.037037037037037035,0.03061068316824881,0.6713636363636364,0.05836141679585907,0.7040829062461853,0.40079811215400696,445,5,440,0.011235955056179775,88,357,2,354,86,3,0.8,0.6022727272727273,0.022727272727272728,0.4,0.8045454545454546,0.043010752688172046,0.054128467229825776,0.6713636363636364,0.05836141679585907
Sdomain,Yellow,/workspace/cruci-classifier/results/grid_esm35m_e50/Sdomain/Yellow/eval/test_metrics.json,/workspace/cruci-classifier/results/grid_esm35m_e50/Sdomain/Yellow/prepared/Sdomain/Yellow/test.csv,/workspace/cruci-classifier/results/grid_esm35m_e50/Sdomain/Yellow/checkpoints/best_head.pt,cruci_esm_classifier_head,1,esm2_t12_35M_UR50D,12,bos,480,2026-05-28T10:56:01.015190+00:00,esm2_t12_35M_UR50D,cruci_esm_classifier_head,1,49,0.8631578947368421,2550,0.5087921023368835,/workspace/cruci-classifier/results/grid_esm35m_e50/Sdomain/Yellow/prepared/Sdomain/Yellow/train.csv,/workspace/cruci-classifier/results/grid_esm35m_e50/Sdomain/Yellow/prepared/Sdomain/Yellow/test.csv,,32,0.001,50,/workspace/cruci-classifier/results/grid_esm35m_e50/Sdomain/Yellow/checkpoints,0,False,cuda,42,0.5,0.15,1,,,,0,cruci,jwang003,esm35m_Sdomain_Yellow,offline,remove,replace_x,False,auto,/workspace/cruci-classifier/results/grid_esm35m_e50/Sdomain/Yellow/prepared/Sdomain/Yellow/train.csv,,/workspace/cruci-classifier/results/grid_esm35m_e50/Sdomain/Yellow/prepared/Sdomain/Yellow/test.csv,42,0.15,1,1629,288,567,918,999,138,150,0,0,0,0,0,0,0,0,0,0,0,0,0,0,0,0,0,0,stratified_split_from_train_csv,288,138,150,0.4791666666666667,147,141,123,126,24,15,0.8645833333333334,0.8656521739130434,0.8367346938775511,0.8913043478260869,0.84,0.8631578947368421,0.730827876270786,0.9380676328502415,0.9333525177139217,567,82,485,0.14462081128747795,363,204,66,188,297,16,0.4479717813051146,0.5962534573799346,0.18181818181818182,0.8048780487804879,0.38762886597938145,0.2966292134831461,0.14107684317163277,0.6966809152627608,0.34158076461345066,567,82,485,0.14462081128747795,350,217,63,198,287,19,0.4603174603174603,0.5882700528036209,0.18,0.7682926829268293,0.40824742268041236,0.2916666666666667,0.1277489350552394,0.6966809152627608,0.34158076461345066,/workspace/cruci-classifier/results/grid_esm35m_e50/Sdomain/Yellow/checkpoints/best_head.pt,/workspace/cruci-classifier/results/grid_esm35m_e50/Sdomain/Yellow/checkpoints/final_head.pt,,,/workspace/cruci-classifier/results/grid_esm35m_e50/Sdomain/Yellow/checkpoints/training_summary.json,/workspace/cruci-classifier/results/grid_esm35m_e50/Sdomain/Yellow/checkpoints/train_val_split.json,0.5,567,82,485,0.14462081128747795,363,204,66,188,297,16,0.4479717813051146,0.5962534573799346,0.18181818181818182,0.8048780487804879,0.38762886597938145,0.2966292134831461,0.14107684317163277,0.6966809152627608,0.34158076461345066,567,82,485,0.14462081128747795,363,204,66,188,297,16,0.4479717813051146,0.5962534573799346,0.18181818181818182,0.8048780487804879,0.38762886597938145,0.2966292134831461,0.14107684317163277,0.6966809152627608,0.34158076461345066,0.638075590133667,0.5087921023368835,567,82,485,0.14462081128747795,350,217,63,198,287,19,0.4603174603174603,0.5882700528036209,0.18,0.7682926829268293,0.40824742268041236,0.2916666666666667,0.1277489350552394,0.6966809152627608,0.34158076461345066
fullCP,Blue,/workspace/cruci-classifier/results/grid_esm35m_e50/fullCP/Blue/eval/test_metrics.json,/workspace/cruci-classifier/results/grid_esm35m_e50/fullCP/Blue/prepared/fullCP/Blue/test.csv,/workspace/cruci-classifier/results/grid_esm35m_e50/fullCP/Blue/checkpoints/best_head.pt,cruci_esm_classifier_head,1,esm2_t12_35M_UR50D,12,bos,480,2026-05-28T09:16:05.568614+00:00,esm2_t12_35M_UR50D,cruci_esm_classifier_head,1,48,0.859504132231405,2800,0.4914703667163849,/workspace/cruci-classifier/results/grid_esm35m_e50/fullCP/Blue/prepared/fullCP/Blue/train.csv,/workspace/cruci-classifier/results/grid_esm35m_e50/fullCP/Blue/prepared/fullCP/Blue/test.csv,,32,0.001,50,/workspace/cruci-classifier/results/grid_esm35m_e50/fullCP/Blue/checkpoints,0,False,cuda,42,0.5,0.15,1,,,,0,cruci,jwang003,esm35m_fullCP_Blue,offline,remove,replace_x,False,auto,/workspace/cruci-classifier/results/grid_esm35m_e50/fullCP/Blue/prepared/fullCP/Blue/train.csv,,/workspace/cruci-classifier/results/grid_esm35m_e50/fullCP/Blue/prepared/fullCP/Blue/test.csv,42,0.15,1,1764,312,407,764,1312,115,197,0,0,0,0,0,0,0,0,0,0,0,0,0,0,0,0,0,0,stratified_split_from_train_csv,312,115,197,0.3685897435897436,127,185,104,174,23,11,0.8910256410256411,0.8937982785257117,0.8188976377952756,0.9043478260869565,0.883248730964467,0.859504132231405,0.7733892257787756,0.9597881262414478,0.9383483680413143,407,238,169,0.5847665847665847,246,161,208,131,38,30,0.8329238329238329,0.8245487544130078,0.8455284552845529,0.8739495798319328,0.7751479289940828,0.859504132231405,0.6541258041092832,0.909924916712247,0.9305912312499368,407,238,169,0.5847665847665847,247,160,209,131,38,29,0.8353808353808354,0.8266495947491422,0.8461538461538461,0.8781512605042017,0.7751479289940828,0.8618556701030928,0.6590759772489055,0.909924916712247,0.9305912312499368,/workspace/cruci-classifier/results/grid_esm35m_e50/fullCP/Blue/checkpoints/best_head.pt,/workspace/cruci-classifier/results/grid_esm35m_e50/fullCP/Blue/checkpoints/final_head.pt,,,/workspace/cruci-classifier/results/grid_esm35m_e50/fullCP/Blue/checkpoints/training_summary.json,/workspace/cruci-classifier/results/grid_esm35m_e50/fullCP/Blue/checkpoints/train_val_split.json,0.5,407,238,169,0.5847665847665847,246,161,208,131,38,30,0.8329238329238329,0.8245487544130078,0.8455284552845529,0.8739495798319328,0.7751479289940828,0.859504132231405,0.6541258041092832,0.909924916712247,0.9305912312499368,407,238,169,0.5847665847665847,246,161,208,131,38,30,0.8329238329238329,0.8245487544130078,0.8455284552845529,0.8739495798319328,0.7751479289940828,0.859504132231405,0.6541258041092832,0.909924916712247,0.9305912312499368,0.4746427536010742,0.4914703667163849,407,238,169,0.5847665847665847,247,160,209,131,38,29,0.8353808353808354,0.8266495947491422,0.8461538461538461,0.8781512605042017,0.7751479289940828,0.8618556701030928,0.6590759772489055,0.909924916712247,0.9305912312499368
fullCP,Green,/workspace/cruci-classifier/results/grid_esm35m_e50/fullCP/Green/eval/test_metrics.json,/workspace/cruci-classifier/results/grid_esm35m_e50/fullCP/Green/prepared/fullCP/Green/test.csv,/workspace/cruci-classifier/results/grid_esm35m_e50/fullCP/Green/checkpoints/best_head.pt,cruci_esm_classifier_head,1,esm2_t12_35M_UR50D,12,bos,480,2026-05-28T09:31:08.759739+00:00,esm2_t12_35M_UR50D,cruci_esm_classifier_head,1,39,0.8607594936708861,2600,0.4995022118091583,/workspace/cruci-classifier/results/grid_esm35m_e50/fullCP/Green/prepared/fullCP/Green/train.csv,/workspace/cruci-classifier/results/grid_esm35m_e50/fullCP/Green/prepared/fullCP/Green/test.csv,,32,0.001,50,/workspace/cruci-classifier/results/grid_esm35m_e50/fullCP/Green/checkpoints,0,False,cuda,42,0.5,0.15,1,,,,0,cruci,jwang003,esm35m_fullCP_Green,offline,remove,replace_x,False,auto,/workspace/cruci-classifier/results/grid_esm35m_e50/fullCP/Green/prepared/fullCP/Green/train.csv,,/workspace/cruci-classifier/results/grid_esm35m_e50/fullCP/Green/prepared/fullCP/Green/test.csv,42,0.15,1,1634,289,560,772,1151,116,173,0,0,0,0,0,0,0,0,0,0,0,0,0,0,0,0,0,0,stratified_split_from_train_csv,289,116,173,0.4013840830449827,121,168,102,154,19,14,0.8858131487889274,0.8847418776161052,0.8429752066115702,0.8793103448275862,0.8901734104046243,0.8607594936708861,0.7645469778122,0.9498206099262507,0.9423069750988146,560,230,330,0.4107142857142857,223,337,172,279,51,58,0.8053571428571429,0.7966403162055335,0.7713004484304933,0.7478260869565218,0.8454545454545455,0.7593818984547461,0.5962297978879735,0.8885243741765478,0.88118502479569,560,230,330,0.4107142857142857,223,337,172,279,51,58,0.8053571428571429,0.7966403162055335,0.7713004484304933,0.7478260869565218,0.8454545454545455,0.7593818984547461,0.5962297978879735,0.8885243741765478,0.88118502479569,/workspace/cruci-classifier/results/grid_esm35m_e50/fullCP/Green/checkpoints/best_head.pt,/workspace/cruci-classifier/results/grid_esm35m_e50/fullCP/Green/checkpoints/final_head.pt,,,/workspace/cruci-classifier/results/grid_esm35m_e50/fullCP/Green/checkpoints/training_summary.json,/workspace/cruci-classifier/results/grid_esm35m_e50/fullCP/Green/checkpoints/train_val_split.json,0.5,560,230,330,0.4107142857142857,223,337,172,279,51,58,0.8053571428571429,0.7966403162055335,0.7713004484304933,0.7478260869565218,0.8454545454545455,0.7593818984547461,0.5962297978879735,0.8885243741765478,0.88118502479569,560,230,330,0.4107142857142857,223,337,172,279,51,58,0.8053571428571429,0.7966403162055335,0.7713004484304933,0.7478260869565218,0.8454545454545455,0.7593818984547461,0.5962297978879735,0.8885243741765478,0.88118502479569,0.4391341805458069,0.4995022118091583,560,230,330,0.4107142857142857,223,337,172,279,51,58,0.8053571428571429,0.7966403162055335,0.7713004484304933,0.7478260869565218,0.8454545454545455,0.7593818984547461,0.5962297978879735,0.8885243741765478,0.88118502479569
fullCP,Purple,/workspace/cruci-classifier/results/grid_esm35m_e50/fullCP/Purple/eval/test_metrics.json,/workspace/cruci-classifier/results/grid_esm35m_e50/fullCP/Purple/prepared/fullCP/Purple/test.csv,/workspace/cruci-classifier/results/grid_esm35m_e50/fullCP/Purple/checkpoints/best_head.pt,cruci_esm_classifier_head,1,esm2_t12_35M_UR50D,12,bos,480,2026-05-28T09:47:21.129053+00:00,esm2_t12_35M_UR50D,cruci_esm_classifier_head,1,42,0.8156424581005587,2650,0.49881359934806824,/workspace/cruci-classifier/results/grid_esm35m_e50/fullCP/Purple/prepared/fullCP/Purple/train.csv,/workspace/cruci-classifier/results/grid_esm35m_e50/fullCP/Purple/prepared/fullCP/Purple/test.csv,,32,0.001,50,/workspace/cruci-classifier/results/grid_esm35m_e50/fullCP/Purple/checkpoints,0,False,cuda,42,0.5,0.15,1,,,,0,cruci,jwang003,esm35m_fullCP_Purple,offline,remove,replace_x,False,auto,/workspace/cruci-classifier/results/grid_esm35m_e50/fullCP/Purple/prepared/fullCP/Purple/train.csv,,/workspace/cruci-classifier/results/grid_esm35m_e50/fullCP/Purple/prepared/fullCP/Purple/test.csv,42,0.15,1,1684,298,501,557,1425,84,214,0,0,0,0,0,0,0,0,0,0,0,0,0,0,0,0,0,0,stratified_split_from_train_csv,298,84,214,0.28187919463087246,95,203,73,192,22,11,0.889261744966443,0.8831219403649311,0.7684210526315789,0.8690476190476191,0.897196261682243,0.8156424581005587,0.739781944243317,0.9527703604806409,0.9054171620112845,501,445,56,0.8882235528942116,378,123,359,37,19,86,0.7904191616766467,0.7337279293739968,0.9497354497354498,0.8067415730337079,0.6607142857142857,0.8724179829890644,0.342228497541507,0.8311797752808989,0.9761114115715829,501,445,56,0.8882235528942116,378,123,359,37,19,86,0.7904191616766467,0.7337279293739968,0.9497354497354498,0.8067415730337079,0.6607142857142857,0.8724179829890644,0.342228497541507,0.8311797752808989,0.9761114115715829,/workspace/cruci-classifier/results/grid_esm35m_e50/fullCP/Purple/checkpoints/best_head.pt,/workspace/cruci-classifier/results/grid_esm35m_e50/fullCP/Purple/checkpoints/final_head.pt,,,/workspace/cruci-classifier/results/grid_esm35m_e50/fullCP/Purple/checkpoints/training_summary.json,/workspace/cruci-classifier/results/grid_esm35m_e50/fullCP/Purple/checkpoints/train_val_split.json,0.5,501,445,56,0.8882235528942116,378,123,359,37,19,86,0.7904191616766467,0.7337279293739968,0.9497354497354498,0.8067415730337079,0.6607142857142857,0.8724179829890644,0.342228497541507,0.8311797752808989,0.9761114115715829,501,445,56,0.8882235528942116,378,123,359,37,19,86,0.7904191616766467,0.7337279293739968,0.9497354497354498,0.8067415730337079,0.6607142857142857,0.8724179829890644,0.342228497541507,0.8311797752808989,0.9761114115715829,0.13491396605968475,0.49881359934806824,501,445,56,0.8882235528942116,378,123,359,37,19,86,0.7904191616766467,0.7337279293739968,0.9497354497354498,0.8067415730337079,0.6607142857142857,0.8724179829890644,0.342228497541507,0.8311797752808989,0.9761114115715829
fullCP,Red,/workspace/cruci-classifier/results/grid_esm35m_e50/fullCP/Red/eval/test_metrics.json,/workspace/cruci-classifier/results/grid_esm35m_e50/fullCP/Red/prepared/fullCP/Red/test.csv,/workspace/cruci-classifier/results/grid_esm35m_e50/fullCP/Red/checkpoints/best_head.pt,cruci_esm_classifier_head,1,esm2_t12_35M_UR50D,12,bos,480,2026-05-28T10:03:59.825271+00:00,esm2_t12_35M_UR50D,cruci_esm_classifier_head,1,39,0.8712871287128713,2750,0.4925376772880554,/workspace/cruci-classifier/results/grid_esm35m_e50/fullCP/Red/prepared/fullCP/Red/train.csv,/workspace/cruci-classifier/results/grid_esm35m_e50/fullCP/Red/prepared/fullCP/Red/test.csv,,32,0.001,50,/workspace/cruci-classifier/results/grid_esm35m_e50/fullCP/Red/checkpoints,0,False,cuda,42,0.5,0.15,1,,,,0,cruci,jwang003,esm35m_fullCP_Red,offline,remove,replace_x,False,auto,/workspace/cruci-classifier/results/grid_esm35m_e50/fullCP/Red/prepared/fullCP/Red/train.csv,,/workspace/cruci-classifier/results/grid_esm35m_e50/fullCP/Red/prepared/fullCP/Red/test.csv,42,0.15,1,1732,305,446,996,1041,149,156,0,0,0,0,0,0,0,0,0,0,0,0,0,0,0,0,0,0,stratified_split_from_train_csv,305,149,156,0.4885245901639344,154,151,132,134,22,17,0.8721311475409836,0.8724401996214077,0.8571428571428571,0.8859060402684564,0.8589743589743589,0.8712871287128713,0.7447202202419219,0.9275081741524694,0.9302965991227302,446,6,440,0.013452914798206279,66,380,5,379,61,1,0.8609865470852018,0.8473484848484849,0.07575757575757576,0.8333333333333334,0.8613636363636363,0.1388888888888889,0.2253894593589534,0.9439393939393939,0.6301198156682027,446,6,440,0.013452914798206279,70,376,5,375,65,1,0.852017937219731,0.8428030303030303,0.07142857142857142,0.8333333333333334,0.8522727272727273,0.13157894736842105,0.2171369178603887,0.9439393939393939,0.6301198156682027,/workspace/cruci-classifier/results/grid_esm35m_e50/fullCP/Red/checkpoints/best_head.pt,/workspace/cruci-classifier/results/grid_esm35m_e50/fullCP/Red/checkpoints/final_head.pt,,,/workspace/cruci-classifier/results/grid_esm35m_e50/fullCP/Red/checkpoints/training_summary.json,/workspace/cruci-classifier/results/grid_esm35m_e50/fullCP/Red/checkpoints/train_val_split.json,0.5,446,6,440,0.013452914798206279,66,380,5,379,61,1,0.8609865470852018,0.8473484848484849,0.07575757575757576,0.8333333333333334,0.8613636363636363,0.1388888888888889,0.2253894593589534,0.9439393939393939,0.6301198156682027,446,6,440,0.013452914798206279,66,380,5,379,61,1,0.8609865470852018,0.8473484848484849,0.07575757575757576,0.8333333333333334,0.8613636363636363,0.1388888888888889,0.2253894593589534,0.9439393939393939,0.6301198156682027,0.8676310181617737,0.4925376772880554,446,6,440,0.013452914798206279,70,376,5,375,65,1,0.852017937219731,0.8428030303030303,0.07142857142857142,0.8333333333333334,0.8522727272727273,0.13157894736842105,0.2171369178603887,0.9439393939393939,0.6301198156682027
fullCP,Yellow,/workspace/cruci-classifier/results/grid_esm35m_e50/fullCP/Yellow/eval/test_metrics.json,/workspace/cruci-classifier/results/grid_esm35m_e50/fullCP/Yellow/prepared/fullCP/Yellow/test.csv,/workspace/cruci-classifier/results/grid_esm35m_e50/fullCP/Yellow/checkpoints/best_head.pt,cruci_esm_classifier_head,1,esm2_t12_35M_UR50D,12,bos,480,2026-05-28T10:19:46.883295+00:00,esm2_t12_35M_UR50D,cruci_esm_classifier_head,1,47,0.910394265232975,2550,0.49862074851989746,/workspace/cruci-classifier/results/grid_esm35m_e50/fullCP/Yellow/prepared/fullCP/Yellow/train.csv,/workspace/cruci-classifier/results/grid_esm35m_e50/fullCP/Yellow/prepared/fullCP/Yellow/test.csv,,32,0.001,50,/workspace/cruci-classifier/results/grid_esm35m_e50/fullCP/Yellow/checkpoints,0,False,cuda,42,0.5,0.15,1,,,,0,cruci,jwang003,esm35m_fullCP_Yellow,offline,remove,replace_x,False,auto,/workspace/cruci-classifier/results/grid_esm35m_e50/fullCP/Yellow/prepared/fullCP/Yellow/train.csv,,/workspace/cruci-classifier/results/grid_esm35m_e50/fullCP/Yellow/prepared/fullCP/Yellow/test.csv,42,0.15,1,1628,287,568,919,996,138,149,0,0,0,0,0,0,0,0,0,0,0,0,0,0,0,0,0,0,stratified_split_from_train_csv,287,138,149,0.4808362369337979,141,146,127,135,14,11,0.9128919860627178,0.9131650617644198,0.900709219858156,0.9202898550724637,0.9060402684563759,0.910394265232975,0.8258482983429584,0.9668320202314951,0.9661858849056641,568,83,485,0.14612676056338028,143,425,71,413,72,12,0.852112676056338,0.8534840392497827,0.4965034965034965,0.8554216867469879,0.8515463917525773,0.6283185840707964,0.5753700298618007,0.9143708856042728,0.7735991489864237,568,83,485,0.14612676056338028,145,423,71,411,74,12,0.8485915492957746,0.8514221835796796,0.4896551724137931,0.8554216867469879,0.8474226804123711,0.6228070175438597,0.5693966389839146,0.9143708856042728,0.7735991489864237,/workspace/cruci-classifier/results/grid_esm35m_e50/fullCP/Yellow/checkpoints/best_head.pt,/workspace/cruci-classifier/results/grid_esm35m_e50/fullCP/Yellow/checkpoints/final_head.pt,,,/workspace/cruci-classifier/results/grid_esm35m_e50/fullCP/Yellow/checkpoints/training_summary.json,/workspace/cruci-classifier/results/grid_esm35m_e50/fullCP/Yellow/checkpoints/train_val_split.json,0.5,568,83,485,0.14612676056338028,143,425,71,413,72,12,0.852112676056338,0.8534840392497827,0.4965034965034965,0.8554216867469879,0.8515463917525773,0.6283185840707964,0.5753700298618007,0.9143708856042728,0.7735991489864237,568,83,485,0.14612676056338028,143,425,71,413,72,12,0.852112676056338,0.8534840392497827,0.4965034965034965,0.8554216867469879,0.8515463917525773,0.6283185840707964,0.5753700298618007,0.9143708856042728,0.7735991489864237,0.6626741290092468,0.49862074851989746,568,83,485,0.14612676056338028,145,423,71,411,74,12,0.8485915492957746,0.8514221835796796,0.4896551724137931,0.8554216867469879,0.8474226804123711,0.6228070175438597,0.5693966389839146,0.9143708856042728,0.7735991489864237
