domain	fold	id	label	score	prediction	correct	prediction_0_5	correct_0_5	prediction_selected_threshold	correct_selected_threshold	source_eval_results	record_index_within_domain_id	selected_threshold	original_fasta_header	sequence_length	original_length	stops_removed	invalid_replaced	input_type	sequence_id	sequence_record_id	true_label	virus_type	cluster_id	fold_id	classifier_score	prediction_threshold_0_5	prediction_validation_threshold	correct_at_0_5	correct_at_validation_threshold	model_type	train_clusters	test_cluster	score_band	discordant_0_5	high_confidence_discordant	moderate_discordant	discordance_direction	discordance_strength	nearest_train_sequence_id	nearest_train_sequence_identity	notes
Rdomain	Green	Cruci_CruV_500	1	0.023831148	0	False	0	False	0	False	/workspace/cruci-classifier/results/grid_esm35m_e50/Rdomain/Green/eval/test_eval_results.csv	0	0.5166996717453003	Cruci_CruV_500	114	114	0	0	R_domain	Cruci_CruV_500	Cruci_CruV_500|Rdomain|Green|record0	1	crucivirus	Green	Green	0.023831148	0	0	False	False	frozen_esm2_35m_head	Blue,Purple,Red,Yellow	Green	strong_rna_like	True	True	True	crucivirus_scored_rna_like	0.976168852			
Sdomain	Yellow	Ribo_JAAOEH010002449.1	0	0.9740063	1	False	1	False	1	False	/workspace/cruci-classifier/results/grid_esm35m_e50/Sdomain/Yellow/eval/test_eval_results.csv	0	0.5087921023368835	Ribo_JAAOEH010002449.1	184	184	0	0	S_domain	Ribo_JAAOEH010002449.1	Ribo_JAAOEH010002449.1|Sdomain|Yellow|record0	0	rna_virus	Yellow	Yellow	0.9740063	1	1	False	False	frozen_esm2_35m_head	Blue,Green,Purple,Red	Yellow	strong_crucivirus_like	True	True	True	rna_virus_scored_crucivirus_like	0.9740063			
Sdomain	Yellow	Ribo_ND_144217	0	0.96879256	1	False	1	False	1	False	/workspace/cruci-classifier/results/grid_esm35m_e50/Sdomain/Yellow/eval/test_eval_results.csv	0	0.5087921023368835	Ribo_ND_144217	177	177	0	0	S_domain	Ribo_ND_144217	Ribo_ND_144217|Sdomain|Yellow|record0	0	rna_virus	Yellow	Yellow	0.96879256	1	1	False	False	frozen_esm2_35m_head	Blue,Green,Purple,Red	Yellow	strong_crucivirus_like	True	True	True	rna_virus_scored_crucivirus_like	0.96879256			
Rdomain	Purple	Cruci_CruV-692	1	0.03161214	0	False	0	False	0	False	/workspace/cruci-classifier/results/grid_esm35m_e50/Rdomain/Purple/eval/test_eval_results.csv	0	0.5012195110321045	Cruci_CruV-692	154	154	0	0	R_domain	Cruci_CruV-692	Cruci_CruV-692|Rdomain|Purple|record0	1	crucivirus	Purple	Purple	0.03161214	0	0	False	False	frozen_esm2_35m_head	Blue,Green,Red,Yellow	Purple	strong_rna_like	True	True	True	crucivirus_scored_rna_like	0.96838786			
Rdomain	Purple	Cruci_CruV-693	1	0.03161214	0	False	0	False	0	False	/workspace/cruci-classifier/results/grid_esm35m_e50/Rdomain/Purple/eval/test_eval_results.csv	0	0.5012195110321045	Cruci_CruV-693	154	154	0	0	R_domain	Cruci_CruV-693	Cruci_CruV-693|Rdomain|Purple|record0	1	crucivirus	Purple	Purple	0.03161214	0	0	False	False	frozen_esm2_35m_head	Blue,Green,Red,Yellow	Purple	strong_rna_like	True	True	True	crucivirus_scored_rna_like	0.96838786			
Rdomain	Purple	Cruci_CruV-788	1	0.034970835	0	False	0	False	0	False	/workspace/cruci-classifier/results/grid_esm35m_e50/Rdomain/Purple/eval/test_eval_results.csv	0	0.5012195110321045	Cruci_CruV-788	146	146	0	0	R_domain	Cruci_CruV-788	Cruci_CruV-788|Rdomain|Purple|record0	1	crucivirus	Purple	Purple	0.034970835	0	0	False	False	frozen_esm2_35m_head	Blue,Green,Red,Yellow	Purple	strong_rna_like	True	True	True	crucivirus_scored_rna_like	0.965029165			
Rdomain	Green	Cruci_CruV_489	1	0.038481846	0	False	0	False	0	False	/workspace/cruci-classifier/results/grid_esm35m_e50/Rdomain/Green/eval/test_eval_results.csv	0	0.5166996717453003	Cruci_CruV_489	31	31	0	0	R_domain	Cruci_CruV_489	Cruci_CruV_489|Rdomain|Green|record0	1	crucivirus	Green	Green	0.038481846	0	0	False	False	frozen_esm2_35m_head	Blue,Purple,Red,Yellow	Green	strong_rna_like	True	True	True	crucivirus_scored_rna_like	0.961518154			
Rdomain	Blue	Ribo_ND_132327	0	0.9609992	1	False	1	False	1	False	/workspace/cruci-classifier/results/grid_esm35m_e50/Rdomain/Blue/eval/test_eval_results.csv	0	0.4960196018218994	Ribo_ND_132327	1	1	0	0	R_domain	Ribo_ND_132327	Ribo_ND_132327|Rdomain|Blue|record0	0	rna_virus	Blue	Blue	0.9609992	1	1	False	False	frozen_esm2_35m_head	Green,Purple,Red,Yellow	Blue	strong_crucivirus_like	True	True	True	rna_virus_scored_crucivirus_like	0.9609992			known_Rdomain_exact_cross_label_duplicate_pair
Rdomain	Red	Ribo_ND_336310	0	0.9531477	1	False	1	False	1	False	/workspace/cruci-classifier/results/grid_esm35m_e50/Rdomain/Red/eval/test_eval_results.csv	0	0.512529730796814	Ribo_ND_336310	245	245	0	0	R_domain	Ribo_ND_336310	Ribo_ND_336310|Rdomain|Red|record0	0	rna_virus	Red	Red	0.9531477	1	1	False	False	frozen_esm2_35m_head	Blue,Green,Purple,Yellow	Red	strong_crucivirus_like	True	True	True	rna_virus_scored_crucivirus_like	0.9531477			
Rdomain	Green	Cruci_CruV-930	1	0.051139705	0	False	0	False	0	False	/workspace/cruci-classifier/results/grid_esm35m_e50/Rdomain/Green/eval/test_eval_results.csv	0	0.5166996717453003	Cruci_CruV-930	55	55	0	0	R_domain	Cruci_CruV-930	Cruci_CruV-930|Rdomain|Green|record0	1	crucivirus	Green	Green	0.051139705	0	0	False	False	frozen_esm2_35m_head	Blue,Purple,Red,Yellow	Green	strong_rna_like	True	True	True	crucivirus_scored_rna_like	0.948860295			
fullCP	Purple	Cruci_CruV-788	1	0.053224128	0	False	0	False	0	False	/workspace/cruci-classifier/results/grid_esm35m_e50/fullCP/Purple/eval/test_eval_results.csv	0	0.4988135993480682	Cruci_CruV-788	519	520	1	0	full_capsid	Cruci_CruV-788	Cruci_CruV-788|fullCP|Purple|record0	1	crucivirus	Purple	Purple	0.053224128	0	0	False	False	frozen_esm2_35m_head	Blue,Green,Red,Yellow	Purple	strong_rna_like	True	True	True	crucivirus_scored_rna_like	0.946775872			
Rdomain	Green	Cruci_CruV-852	1	0.055755407	0	False	0	False	0	False	/workspace/cruci-classifier/results/grid_esm35m_e50/Rdomain/Green/eval/test_eval_results.csv	0	0.5166996717453003	Cruci_CruV-852	61	61	0	0	R_domain	Cruci_CruV-852	Cruci_CruV-852|Rdomain|Green|record0	1	crucivirus	Green	Green	0.055755407	0	0	False	False	frozen_esm2_35m_head	Blue,Purple,Red,Yellow	Green	strong_rna_like	True	True	True	crucivirus_scored_rna_like	0.944244593			
Rdomain	Green	Cruci_CruV-760	1	0.057462227	0	False	0	False	0	False	/workspace/cruci-classifier/results/grid_esm35m_e50/Rdomain/Green/eval/test_eval_results.csv	0	0.5166996717453003	Cruci_CruV-760	62	62	0	0	R_domain	Cruci_CruV-760	Cruci_CruV-760|Rdomain|Green|record0	1	crucivirus	Green	Green	0.057462227	0	0	False	False	frozen_esm2_35m_head	Blue,Purple,Red,Yellow	Green	strong_rna_like	True	True	True	crucivirus_scored_rna_like	0.942537773			
Rdomain	Blue	Ribo_ND_178256	0	0.9403662	1	False	1	False	1	False	/workspace/cruci-classifier/results/grid_esm35m_e50/Rdomain/Blue/eval/test_eval_results.csv	0	0.4960196018218994	Ribo_ND_178256	109	109	0	0	R_domain	Ribo_ND_178256	Ribo_ND_178256|Rdomain|Blue|record0	0	rna_virus	Blue	Blue	0.9403662	1	1	False	False	frozen_esm2_35m_head	Green,Purple,Red,Yellow	Blue	strong_crucivirus_like	True	True	True	rna_virus_scored_crucivirus_like	0.9403662			
Pdomain	Yellow	Ribo_ND_053581	0	0.935622	1	False	1	False	1	False	/workspace/cruci-classifier/results/grid_esm35m_e50/Pdomain/Yellow/eval/test_eval_results.csv	0	0.4989717900753021	Ribo_ND_053581	190	190	0	0	P_domain	Ribo_ND_053581	Ribo_ND_053581|Pdomain|Yellow|record0	0	rna_virus	Yellow	Yellow	0.935622	1	1	False	False	frozen_esm2_35m_head	Blue,Green,Purple,Red	Yellow	strong_crucivirus_like	True	True	True	rna_virus_scored_crucivirus_like	0.935622			
fullCP	Blue	Ribo_ND_092298	0	0.93354183	1	False	1	False	1	False	/workspace/cruci-classifier/results/grid_esm35m_e50/fullCP/Blue/eval/test_eval_results.csv	0	0.4914703667163849	Ribo_ND_092298	677	678	1	0	full_capsid	Ribo_ND_092298	Ribo_ND_092298|fullCP|Blue|record0	0	rna_virus	Blue	Blue	0.93354183	1	1	False	False	frozen_esm2_35m_head	Green,Purple,Red,Yellow	Blue	strong_crucivirus_like	True	True	True	rna_virus_scored_crucivirus_like	0.93354183			
Rdomain	Yellow	Ribo_ND_142318	0	0.93015486	1	False	1	False	1	False	/workspace/cruci-classifier/results/grid_esm35m_e50/Rdomain/Yellow/eval/test_eval_results.csv	0	0.471052885055542	Ribo_ND_142318	122	122	0	0	R_domain	Ribo_ND_142318	Ribo_ND_142318|Rdomain|Yellow|record0	0	rna_virus	Yellow	Yellow	0.93015486	1	1	False	False	frozen_esm2_35m_head	Blue,Green,Purple,Red	Yellow	strong_crucivirus_like	True	True	True	rna_virus_scored_crucivirus_like	0.93015486			
Rdomain	Blue	Cruci_CruV-856	1	0.07192673	0	False	0	False	0	False	/workspace/cruci-classifier/results/grid_esm35m_e50/Rdomain/Blue/eval/test_eval_results.csv	0	0.4960196018218994	Cruci_CruV-856	51	51	0	0	R_domain	Cruci_CruV-856	Cruci_CruV-856|Rdomain|Blue|record0	1	crucivirus	Blue	Blue	0.07192673	0	0	False	False	frozen_esm2_35m_head	Green,Purple,Red,Yellow	Blue	strong_rna_like	True	True	True	crucivirus_scored_rna_like	0.9280732700000001			
Rdomain	Yellow	Ribo_ND_335728	0	0.92643404	1	False	1	False	1	False	/workspace/cruci-classifier/results/grid_esm35m_e50/Rdomain/Yellow/eval/test_eval_results.csv	0	0.471052885055542	Ribo_ND_335728	124	124	0	0	R_domain	Ribo_ND_335728	Ribo_ND_335728|Rdomain|Yellow|record0	0	rna_virus	Yellow	Yellow	0.92643404	1	1	False	False	frozen_esm2_35m_head	Blue,Green,Purple,Red	Yellow	strong_crucivirus_like	True	True	True	rna_virus_scored_crucivirus_like	0.92643404			
Sdomain	Yellow	Ribo_ND_113307	0	0.925993	1	False	1	False	1	False	/workspace/cruci-classifier/results/grid_esm35m_e50/Sdomain/Yellow/eval/test_eval_results.csv	0	0.5087921023368835	Ribo_ND_113307	181	181	0	0	S_domain	Ribo_ND_113307	Ribo_ND_113307|Sdomain|Yellow|record0	0	rna_virus	Yellow	Yellow	0.925993	1	1	False	False	frozen_esm2_35m_head	Blue,Green,Purple,Red	Yellow	strong_crucivirus_like	True	True	True	rna_virus_scored_crucivirus_like	0.925993			
Sdomain	Yellow	Ribo_ND_366175	0	0.9228897	1	False	1	False	1	False	/workspace/cruci-classifier/results/grid_esm35m_e50/Sdomain/Yellow/eval/test_eval_results.csv	0	0.5087921023368835	Ribo_ND_366175	184	184	0	0	S_domain	Ribo_ND_366175	Ribo_ND_366175|Sdomain|Yellow|record0	0	rna_virus	Yellow	Yellow	0.9228897	1	1	False	False	frozen_esm2_35m_head	Blue,Green,Purple,Red	Yellow	strong_crucivirus_like	True	True	True	rna_virus_scored_crucivirus_like	0.9228897			
Sdomain	Yellow	Ribo_ND_159691	0	0.92147976	1	False	1	False	1	False	/workspace/cruci-classifier/results/grid_esm35m_e50/Sdomain/Yellow/eval/test_eval_results.csv	0	0.5087921023368835	Ribo_ND_159691	179	179	0	0	S_domain	Ribo_ND_159691	Ribo_ND_159691|Sdomain|Yellow|record0	0	rna_virus	Yellow	Yellow	0.92147976	1	1	False	False	frozen_esm2_35m_head	Blue,Green,Purple,Red	Yellow	strong_crucivirus_like	True	True	True	rna_virus_scored_crucivirus_like	0.92147976			
Rdomain	Green	Cruci_CruV_532	1	0.078701586	0	False	0	False	0	False	/workspace/cruci-classifier/results/grid_esm35m_e50/Rdomain/Green/eval/test_eval_results.csv	0	0.5166996717453003	Cruci_CruV_532	184	184	0	0	R_domain	Cruci_CruV_532	Cruci_CruV_532|Rdomain|Green|record0	1	crucivirus	Green	Green	0.078701586	0	0	False	False	frozen_esm2_35m_head	Blue,Purple,Red,Yellow	Green	strong_rna_like	True	True	True	crucivirus_scored_rna_like	0.921298414			
Rdomain	Red	Ribo_ND_030168	0	0.9178825	1	False	1	False	1	False	/workspace/cruci-classifier/results/grid_esm35m_e50/Rdomain/Red/eval/test_eval_results.csv	0	0.512529730796814	Ribo_ND_030168	160	160	0	0	R_domain	Ribo_ND_030168	Ribo_ND_030168|Rdomain|Red|record0	0	rna_virus	Red	Red	0.9178825	1	1	False	False	frozen_esm2_35m_head	Blue,Green,Purple,Yellow	Red	strong_crucivirus_like	True	True	True	rna_virus_scored_crucivirus_like	0.9178825			
fullCP	Purple	Cruci_CruV_265	1	0.083502315	0	False	0	False	0	False	/workspace/cruci-classifier/results/grid_esm35m_e50/fullCP/Purple/eval/test_eval_results.csv	0	0.4988135993480682	Cruci_CruV_265	445	446	1	0	full_capsid	Cruci_CruV_265	Cruci_CruV_265|fullCP|Purple|record0	1	crucivirus	Purple	Purple	0.083502315	0	0	False	False	frozen_esm2_35m_head	Blue,Green,Red,Yellow	Purple	strong_rna_like	True	True	True	crucivirus_scored_rna_like	0.916497685			
Sdomain	Yellow	Ribo_ND_138880	0	0.91313004	1	False	1	False	1	False	/workspace/cruci-classifier/results/grid_esm35m_e50/Sdomain/Yellow/eval/test_eval_results.csv	0	0.5087921023368835	Ribo_ND_138880	177	177	0	0	S_domain	Ribo_ND_138880	Ribo_ND_138880|Sdomain|Yellow|record0	0	rna_virus	Yellow	Yellow	0.91313004	1	1	False	False	frozen_esm2_35m_head	Blue,Green,Purple,Red	Yellow	strong_crucivirus_like	True	True	True	rna_virus_scored_crucivirus_like	0.91313004			
Sdomain	Yellow	Ribo_ND_203487	0	0.91251314	1	False	1	False	1	False	/workspace/cruci-classifier/results/grid_esm35m_e50/Sdomain/Yellow/eval/test_eval_results.csv	0	0.5087921023368835	Ribo_ND_203487	187	187	0	0	S_domain	Ribo_ND_203487	Ribo_ND_203487|Sdomain|Yellow|record0	0	rna_virus	Yellow	Yellow	0.91251314	1	1	False	False	frozen_esm2_35m_head	Blue,Green,Purple,Red	Yellow	strong_crucivirus_like	True	True	True	rna_virus_scored_crucivirus_like	0.91251314			
Sdomain	Yellow	Ribo_ND_054075	0	0.9112026	1	False	1	False	1	False	/workspace/cruci-classifier/results/grid_esm35m_e50/Sdomain/Yellow/eval/test_eval_results.csv	0	0.5087921023368835	Ribo_ND_054075	177	177	0	0	S_domain	Ribo_ND_054075	Ribo_ND_054075|Sdomain|Yellow|record0	0	rna_virus	Yellow	Yellow	0.9112026	1	1	False	False	frozen_esm2_35m_head	Blue,Green,Purple,Red	Yellow	strong_crucivirus_like	True	True	True	rna_virus_scored_crucivirus_like	0.9112026			
Rdomain	Yellow	Ribo_JAAOEH010001460.1	0	0.9092589	1	False	1	False	1	False	/workspace/cruci-classifier/results/grid_esm35m_e50/Rdomain/Yellow/eval/test_eval_results.csv	0	0.471052885055542	Ribo_JAAOEH010001460.1	4	4	0	0	R_domain	Ribo_JAAOEH010001460.1	Ribo_JAAOEH010001460.1|Rdomain|Yellow|record0	0	rna_virus	Yellow	Yellow	0.9092589	1	1	False	False	frozen_esm2_35m_head	Blue,Green,Purple,Red	Yellow	strong_crucivirus_like	True	True	True	rna_virus_scored_crucivirus_like	0.9092589			
Sdomain	Yellow	Ribo_ND_176115	0	0.9086016	1	False	1	False	1	False	/workspace/cruci-classifier/results/grid_esm35m_e50/Sdomain/Yellow/eval/test_eval_results.csv	0	0.5087921023368835	Ribo_ND_176115	177	177	0	0	S_domain	Ribo_ND_176115	Ribo_ND_176115|Sdomain|Yellow|record0	0	rna_virus	Yellow	Yellow	0.9086016	1	1	False	False	frozen_esm2_35m_head	Blue,Green,Purple,Red	Yellow	strong_crucivirus_like	True	True	True	rna_virus_scored_crucivirus_like	0.9086016			
fullCP	Green	Cruci_CruV-842	1	0.09154635	0	False	0	False	0	False	/workspace/cruci-classifier/results/grid_esm35m_e50/fullCP/Green/eval/test_eval_results.csv	0	0.4995022118091583	Cruci_CruV-842	629	629	0	0	full_capsid	Cruci_CruV-842	Cruci_CruV-842|fullCP|Green|record0	1	crucivirus	Green	Green	0.09154635	0	0	False	False	frozen_esm2_35m_head	Blue,Purple,Red,Yellow	Green	strong_rna_like	True	True	True	crucivirus_scored_rna_like	0.90845365			
Rdomain	Blue	Cruci_CruV_158	1	0.091904715	0	False	0	False	0	False	/workspace/cruci-classifier/results/grid_esm35m_e50/Rdomain/Blue/eval/test_eval_results.csv	0	0.4960196018218994	Cruci_CruV_158	101	101	0	0	R_domain	Cruci_CruV_158	Cruci_CruV_158|Rdomain|Blue|record0	1	crucivirus	Blue	Blue	0.091904715	0	0	False	False	frozen_esm2_35m_head	Green,Purple,Red,Yellow	Blue	strong_rna_like	True	True	True	crucivirus_scored_rna_like	0.908095285			
Rdomain	Purple	Cruci_CruV_130	1	0.09312254	0	False	0	False	0	False	/workspace/cruci-classifier/results/grid_esm35m_e50/Rdomain/Purple/eval/test_eval_results.csv	0	0.5012195110321045	Cruci_CruV_130	93	93	0	0	R_domain	Cruci_CruV_130	Cruci_CruV_130|Rdomain|Purple|record0	1	crucivirus	Purple	Purple	0.09312254	0	0	False	False	frozen_esm2_35m_head	Blue,Green,Red,Yellow	Purple	strong_rna_like	True	True	True	crucivirus_scored_rna_like	0.90687746			
Sdomain	Yellow	Ribo_ND_210241	0	0.90614426	1	False	1	False	1	False	/workspace/cruci-classifier/results/grid_esm35m_e50/Sdomain/Yellow/eval/test_eval_results.csv	0	0.5087921023368835	Ribo_ND_210241	196	196	0	0	S_domain	Ribo_ND_210241	Ribo_ND_210241|Sdomain|Yellow|record0	0	rna_virus	Yellow	Yellow	0.90614426	1	1	False	False	frozen_esm2_35m_head	Blue,Green,Purple,Red	Yellow	strong_crucivirus_like	True	True	True	rna_virus_scored_crucivirus_like	0.90614426			
Sdomain	Green	Cruci_CruV_477	1	0.09389433	0	False	0	False	0	False	/workspace/cruci-classifier/results/grid_esm35m_e50/Sdomain/Green/eval/test_eval_results.csv	0	0.5480888485908508	Cruci_CruV_477	198	198	0	0	S_domain	Cruci_CruV_477	Cruci_CruV_477|Sdomain|Green|record0	1	crucivirus	Green	Green	0.09389433	0	0	False	False	frozen_esm2_35m_head	Blue,Purple,Red,Yellow	Green	strong_rna_like	True	True	True	crucivirus_scored_rna_like	0.90610567			
Rdomain	Blue	Ribo_ND_093303	0	0.9056941	1	False	1	False	1	False	/workspace/cruci-classifier/results/grid_esm35m_e50/Rdomain/Blue/eval/test_eval_results.csv	0	0.4960196018218994	Ribo_ND_093303	118	118	0	0	R_domain	Ribo_ND_093303	Ribo_ND_093303|Rdomain|Blue|record0	0	rna_virus	Blue	Blue	0.9056941	1	1	False	False	frozen_esm2_35m_head	Green,Purple,Red,Yellow	Blue	strong_crucivirus_like	True	True	True	rna_virus_scored_crucivirus_like	0.9056941			
Sdomain	Green	Cruci_CruV-933	1	0.094475016	0	False	0	False	0	False	/workspace/cruci-classifier/results/grid_esm35m_e50/Sdomain/Green/eval/test_eval_results.csv	0	0.5480888485908508	Cruci_CruV-933	179	179	0	0	S_domain	Cruci_CruV-933	Cruci_CruV-933|Sdomain|Green|record0	1	crucivirus	Green	Green	0.094475016	0	0	False	False	frozen_esm2_35m_head	Blue,Purple,Red,Yellow	Green	strong_rna_like	True	True	True	crucivirus_scored_rna_like	0.905524984			
Sdomain	Yellow	Ribo_ND_166707	0	0.90510315	1	False	1	False	1	False	/workspace/cruci-classifier/results/grid_esm35m_e50/Sdomain/Yellow/eval/test_eval_results.csv	0	0.5087921023368835	Ribo_ND_166707	179	179	0	0	S_domain	Ribo_ND_166707	Ribo_ND_166707|Sdomain|Yellow|record0	0	rna_virus	Yellow	Yellow	0.90510315	1	1	False	False	frozen_esm2_35m_head	Blue,Green,Purple,Red	Yellow	strong_crucivirus_like	True	True	True	rna_virus_scored_crucivirus_like	0.90510315			
Sdomain	Yellow	Ribo_ND_179935	0	0.9049932	1	False	1	False	1	False	/workspace/cruci-classifier/results/grid_esm35m_e50/Sdomain/Yellow/eval/test_eval_results.csv	0	0.5087921023368835	Ribo_ND_179935	187	187	0	0	S_domain	Ribo_ND_179935	Ribo_ND_179935|Sdomain|Yellow|record0	0	rna_virus	Yellow	Yellow	0.9049932	1	1	False	False	frozen_esm2_35m_head	Blue,Green,Purple,Red	Yellow	strong_crucivirus_like	True	True	True	rna_virus_scored_crucivirus_like	0.9049932			
Rdomain	Yellow	Ribo_ND_025139	0	0.90320224	1	False	1	False	1	False	/workspace/cruci-classifier/results/grid_esm35m_e50/Rdomain/Yellow/eval/test_eval_results.csv	0	0.471052885055542	Ribo_ND_025139	92	92	0	0	R_domain	Ribo_ND_025139	Ribo_ND_025139|Rdomain|Yellow|record0	0	rna_virus	Yellow	Yellow	0.90320224	1	1	False	False	frozen_esm2_35m_head	Blue,Green,Purple,Red	Yellow	strong_crucivirus_like	True	True	True	rna_virus_scored_crucivirus_like	0.90320224			
fullCP	Green	Cruci_CruV_489	1	0.09701929	0	False	0	False	0	False	/workspace/cruci-classifier/results/grid_esm35m_e50/fullCP/Green/eval/test_eval_results.csv	0	0.4995022118091583	Cruci_CruV_489	476	477	1	0	full_capsid	Cruci_CruV_489	Cruci_CruV_489|fullCP|Green|record0	1	crucivirus	Green	Green	0.09701929	0	0	False	False	frozen_esm2_35m_head	Blue,Purple,Red,Yellow	Green	strong_rna_like	True	True	True	crucivirus_scored_rna_like	0.90298071			
Sdomain	Green	Cruci_CruV_377	1	0.09874059	0	False	0	False	0	False	/workspace/cruci-classifier/results/grid_esm35m_e50/Sdomain/Green/eval/test_eval_results.csv	0	0.5480888485908508	Cruci_CruV_377	169	169	0	0	S_domain	Cruci_CruV_377	Cruci_CruV_377|Sdomain|Green|record0	1	crucivirus	Green	Green	0.09874059	0	0	False	False	frozen_esm2_35m_head	Blue,Purple,Red,Yellow	Green	strong_rna_like	True	True	True	crucivirus_scored_rna_like	0.90125941			
Rdomain	Blue	Cruci_CruV-759	1	0.099964745	0	False	0	False	0	False	/workspace/cruci-classifier/results/grid_esm35m_e50/Rdomain/Blue/eval/test_eval_results.csv	0	0.4960196018218994	Cruci_CruV-759	232	232	0	0	R_domain	Cruci_CruV-759	Cruci_CruV-759|Rdomain|Blue|record0	1	crucivirus	Blue	Blue	0.099964745	0	0	False	False	frozen_esm2_35m_head	Green,Purple,Red,Yellow	Blue	strong_rna_like	True	True	True	crucivirus_scored_rna_like	0.900035255			
Sdomain	Green	Cruci_CruV_399	1	0.10004337	0	False	0	False	0	False	/workspace/cruci-classifier/results/grid_esm35m_e50/Sdomain/Green/eval/test_eval_results.csv	0	0.5480888485908508	Cruci_CruV_399	181	181	0	0	S_domain	Cruci_CruV_399	Cruci_CruV_399|Sdomain|Green|record0	1	crucivirus	Green	Green	0.10004337	0	0	False	False	frozen_esm2_35m_head	Blue,Purple,Red,Yellow	Green	strong_rna_like	True	True	True	crucivirus_scored_rna_like	0.89995663			
Rdomain	Blue	Ribo_ND_030566	0	0.8992296	1	False	1	False	1	False	/workspace/cruci-classifier/results/grid_esm35m_e50/Rdomain/Blue/eval/test_eval_results.csv	0	0.4960196018218994	Ribo_ND_030566	106	106	0	0	R_domain	Ribo_ND_030566	Ribo_ND_030566|Rdomain|Blue|record0	0	rna_virus	Blue	Blue	0.8992296	1	1	False	False	frozen_esm2_35m_head	Green,Purple,Red,Yellow	Blue	strong_crucivirus_like	True	True	True	rna_virus_scored_crucivirus_like	0.8992296			
Sdomain	Yellow	Ribo_ND_034853	0	0.8974837	1	False	1	False	1	False	/workspace/cruci-classifier/results/grid_esm35m_e50/Sdomain/Yellow/eval/test_eval_results.csv	0	0.5087921023368835	Ribo_ND_034853	177	177	0	0	S_domain	Ribo_ND_034853	Ribo_ND_034853|Sdomain|Yellow|record0	0	rna_virus	Yellow	Yellow	0.8974837	1	1	False	False	frozen_esm2_35m_head	Blue,Green,Purple,Red	Yellow	strong_crucivirus_like	True	True	True	rna_virus_scored_crucivirus_like	0.8974837			
Sdomain	Yellow	Ribo_ND_249650	0	0.8974721	1	False	1	False	1	False	/workspace/cruci-classifier/results/grid_esm35m_e50/Sdomain/Yellow/eval/test_eval_results.csv	0	0.5087921023368835	Ribo_ND_249650	177	177	0	0	S_domain	Ribo_ND_249650	Ribo_ND_249650|Sdomain|Yellow|record0	0	rna_virus	Yellow	Yellow	0.8974721	1	1	False	False	frozen_esm2_35m_head	Blue,Green,Purple,Red	Yellow	strong_crucivirus_like	True	True	True	rna_virus_scored_crucivirus_like	0.8974721			
Pdomain	Purple	Cruci_CruV-735	1	0.10430058	0	False	0	False	0	False	/workspace/cruci-classifier/results/grid_esm35m_e50/Pdomain/Purple/eval/test_eval_results.csv	0	0.4982953071594238	Cruci_CruV-735	269	269	0	0	P_domain	Cruci_CruV-735	Cruci_CruV-735|Pdomain|Purple|record0	1	crucivirus	Purple	Purple	0.10430058	0	0	False	False	frozen_esm2_35m_head	Blue,Green,Red,Yellow	Purple	strong_rna_like	True	True	True	crucivirus_scored_rna_like	0.89569942			
Pdomain	Purple	Cruci_CruV-785	1	0.10531641	0	False	0	False	0	False	/workspace/cruci-classifier/results/grid_esm35m_e50/Pdomain/Purple/eval/test_eval_results.csv	0	0.4982953071594238	Cruci_CruV-785	8	8	0	0	P_domain	Cruci_CruV-785	Cruci_CruV-785|Pdomain|Purple|record0	1	crucivirus	Purple	Purple	0.10531641	0	0	False	False	frozen_esm2_35m_head	Blue,Green,Red,Yellow	Purple	strong_rna_like	True	True	True	crucivirus_scored_rna_like	0.89468359			
Pdomain	Green	Cruci_CruV-965	1	0.10555115	0	False	0	False	0	False	/workspace/cruci-classifier/results/grid_esm35m_e50/Pdomain/Green/eval/test_eval_results.csv	0	0.5002309083938599	Cruci_CruV-965	131	131	0	0	P_domain	Cruci_CruV-965	Cruci_CruV-965|Pdomain|Green|record0	1	crucivirus	Green	Green	0.10555115	0	0	False	False	frozen_esm2_35m_head	Blue,Purple,Red,Yellow	Green	strong_rna_like	True	True	True	crucivirus_scored_rna_like	0.89444885			
Pdomain	Green	Cruci_CruV-966	1	0.10555115	0	False	0	False	0	False	/workspace/cruci-classifier/results/grid_esm35m_e50/Pdomain/Green/eval/test_eval_results.csv	0	0.5002309083938599	Cruci_CruV-966	131	131	0	0	P_domain	Cruci_CruV-966	Cruci_CruV-966|Pdomain|Green|record0	1	crucivirus	Green	Green	0.10555115	0	0	False	False	frozen_esm2_35m_head	Blue,Purple,Red,Yellow	Green	strong_rna_like	True	True	True	crucivirus_scored_rna_like	0.89444885			
Rdomain	Yellow	Ribo_ND_391165	0	0.89341116	1	False	1	False	1	False	/workspace/cruci-classifier/results/grid_esm35m_e50/Rdomain/Yellow/eval/test_eval_results.csv	0	0.471052885055542	Ribo_ND_391165	139	139	0	0	R_domain	Ribo_ND_391165	Ribo_ND_391165|Rdomain|Yellow|record0	0	rna_virus	Yellow	Yellow	0.89341116	1	1	False	False	frozen_esm2_35m_head	Blue,Green,Purple,Red	Yellow	strong_crucivirus_like	True	True	True	rna_virus_scored_crucivirus_like	0.89341116			
fullCP	Purple	Cruci_CruV_266	1	0.10774815	0	False	0	False	0	False	/workspace/cruci-classifier/results/grid_esm35m_e50/fullCP/Purple/eval/test_eval_results.csv	0	0.4988135993480682	Cruci_CruV_266	510	511	1	0	full_capsid	Cruci_CruV_266	Cruci_CruV_266|fullCP|Purple|record0	1	crucivirus	Purple	Purple	0.10774815	0	0	False	False	frozen_esm2_35m_head	Blue,Green,Red,Yellow	Purple	strong_rna_like	True	True	True	crucivirus_scored_rna_like	0.89225185			
Sdomain	Yellow	Ribo_ND_301024	0	0.8918028	1	False	1	False	1	False	/workspace/cruci-classifier/results/grid_esm35m_e50/Sdomain/Yellow/eval/test_eval_results.csv	0	0.5087921023368835	Ribo_ND_301024	177	177	0	0	S_domain	Ribo_ND_301024	Ribo_ND_301024|Sdomain|Yellow|record0	0	rna_virus	Yellow	Yellow	0.8918028	1	1	False	False	frozen_esm2_35m_head	Blue,Green,Purple,Red	Yellow	strong_crucivirus_like	True	True	True	rna_virus_scored_crucivirus_like	0.8918028			
Rdomain	Blue	Ribo_ND_207626	0	0.8907192	1	False	1	False	1	False	/workspace/cruci-classifier/results/grid_esm35m_e50/Rdomain/Blue/eval/test_eval_results.csv	0	0.4960196018218994	Ribo_ND_207626	104	104	0	0	R_domain	Ribo_ND_207626	Ribo_ND_207626|Rdomain|Blue|record0	0	rna_virus	Blue	Blue	0.8907192	1	1	False	False	frozen_esm2_35m_head	Green,Purple,Red,Yellow	Blue	strong_crucivirus_like	True	True	True	rna_virus_scored_crucivirus_like	0.8907192			
Sdomain	Yellow	Ribo_ND_152263	0	0.8898956	1	False	1	False	1	False	/workspace/cruci-classifier/results/grid_esm35m_e50/Sdomain/Yellow/eval/test_eval_results.csv	0	0.5087921023368835	Ribo_ND_152263	177	177	0	0	S_domain	Ribo_ND_152263	Ribo_ND_152263|Sdomain|Yellow|record0	0	rna_virus	Yellow	Yellow	0.8898956	1	1	False	False	frozen_esm2_35m_head	Blue,Green,Purple,Red	Yellow	strong_crucivirus_like	True	True	True	rna_virus_scored_crucivirus_like	0.8898956			
Pdomain	Yellow	Ribo_ND_155710	0	0.8887205	1	False	1	False	1	False	/workspace/cruci-classifier/results/grid_esm35m_e50/Pdomain/Yellow/eval/test_eval_results.csv	0	0.4989717900753021	Ribo_ND_155710	159	159	0	0	P_domain	Ribo_ND_155710	Ribo_ND_155710|Pdomain|Yellow|record0	0	rna_virus	Yellow	Yellow	0.8887205	1	1	False	False	frozen_esm2_35m_head	Blue,Green,Purple,Red	Yellow	strong_crucivirus_like	True	True	True	rna_virus_scored_crucivirus_like	0.8887205			
Sdomain	Yellow	Ribo_ND_176110	0	0.888494	1	False	1	False	1	False	/workspace/cruci-classifier/results/grid_esm35m_e50/Sdomain/Yellow/eval/test_eval_results.csv	0	0.5087921023368835	Ribo_ND_176110	177	177	0	0	S_domain	Ribo_ND_176110	Ribo_ND_176110|Sdomain|Yellow|record0	0	rna_virus	Yellow	Yellow	0.888494	1	1	False	False	frozen_esm2_35m_head	Blue,Green,Purple,Red	Yellow	strong_crucivirus_like	True	True	True	rna_virus_scored_crucivirus_like	0.888494			
Sdomain	Purple	Ribo_ND_037751	0	0.887739	1	False	1	False	1	False	/workspace/cruci-classifier/results/grid_esm35m_e50/Sdomain/Purple/eval/test_eval_results.csv	0	0.5010125041007996	Ribo_ND_037751	174	174	0	0	S_domain	Ribo_ND_037751	Ribo_ND_037751|Sdomain|Purple|record0	0	rna_virus	Purple	Purple	0.887739	1	1	False	False	frozen_esm2_35m_head	Blue,Green,Red,Yellow	Purple	strong_crucivirus_like	True	True	True	rna_virus_scored_crucivirus_like	0.887739			
Pdomain	Purple	Cruci_CruV_379	1	0.1132826	0	False	0	False	0	False	/workspace/cruci-classifier/results/grid_esm35m_e50/Pdomain/Purple/eval/test_eval_results.csv	0	0.4982953071594238	Cruci_CruV_379	159	159	0	0	P_domain	Cruci_CruV_379	Cruci_CruV_379|Pdomain|Purple|record0	1	crucivirus	Purple	Purple	0.1132826	0	0	False	False	frozen_esm2_35m_head	Blue,Green,Red,Yellow	Purple	strong_rna_like	True	True	True	crucivirus_scored_rna_like	0.8867174			
Rdomain	Yellow	Ribo_ND_281099	0	0.88646054	1	False	1	False	1	False	/workspace/cruci-classifier/results/grid_esm35m_e50/Rdomain/Yellow/eval/test_eval_results.csv	0	0.471052885055542	Ribo_ND_281099	121	121	0	0	R_domain	Ribo_ND_281099	Ribo_ND_281099|Rdomain|Yellow|record0	0	rna_virus	Yellow	Yellow	0.88646054	1	1	False	False	frozen_esm2_35m_head	Blue,Green,Purple,Red	Yellow	strong_crucivirus_like	True	True	True	rna_virus_scored_crucivirus_like	0.88646054			
Sdomain	Yellow	Ribo_ND_084065	0	0.885826	1	False	1	False	1	False	/workspace/cruci-classifier/results/grid_esm35m_e50/Sdomain/Yellow/eval/test_eval_results.csv	0	0.5087921023368835	Ribo_ND_084065	177	177	0	0	S_domain	Ribo_ND_084065	Ribo_ND_084065|Sdomain|Yellow|record0	0	rna_virus	Yellow	Yellow	0.885826	1	1	False	False	frozen_esm2_35m_head	Blue,Green,Purple,Red	Yellow	strong_crucivirus_like	True	True	True	rna_virus_scored_crucivirus_like	0.885826			
Sdomain	Yellow	Ribo_ND_204147	0	0.8853086	1	False	1	False	1	False	/workspace/cruci-classifier/results/grid_esm35m_e50/Sdomain/Yellow/eval/test_eval_results.csv	0	0.5087921023368835	Ribo_ND_204147	177	177	0	0	S_domain	Ribo_ND_204147	Ribo_ND_204147|Sdomain|Yellow|record0	0	rna_virus	Yellow	Yellow	0.8853086	1	1	False	False	frozen_esm2_35m_head	Blue,Green,Purple,Red	Yellow	strong_crucivirus_like	True	True	True	rna_virus_scored_crucivirus_like	0.8853086			
Rdomain	Green	Cruci_CruV-968	1	0.11469395	0	False	0	False	0	False	/workspace/cruci-classifier/results/grid_esm35m_e50/Rdomain/Green/eval/test_eval_results.csv	0	0.5166996717453003	Cruci_CruV-968	29	29	0	0	R_domain	Cruci_CruV-968	Cruci_CruV-968|Rdomain|Green|record0	1	crucivirus	Green	Green	0.11469395	0	0	False	False	frozen_esm2_35m_head	Blue,Purple,Red,Yellow	Green	strong_rna_like	True	True	True	crucivirus_scored_rna_like	0.88530605			
Rdomain	Red	Cruci_CruV_523	1	0.11534906	0	False	0	False	0	False	/workspace/cruci-classifier/results/grid_esm35m_e50/Rdomain/Red/eval/test_eval_results.csv	0	0.512529730796814	Cruci_CruV_523	88	88	0	0	R_domain	Cruci_CruV_523	Cruci_CruV_523|Rdomain|Red|record0	1	crucivirus	Red	Red	0.11534906	0	0	False	False	frozen_esm2_35m_head	Blue,Green,Purple,Yellow	Red	strong_rna_like	True	True	True	crucivirus_scored_rna_like	0.88465094			
fullCP	Blue	Ribo_ND_183795	0	0.8837335	1	False	1	False	1	False	/workspace/cruci-classifier/results/grid_esm35m_e50/fullCP/Blue/eval/test_eval_results.csv	0	0.4914703667163849	Ribo_ND_183795	539	540	1	0	full_capsid	Ribo_ND_183795	Ribo_ND_183795|fullCP|Blue|record0	0	rna_virus	Blue	Blue	0.8837335	1	1	False	False	frozen_esm2_35m_head	Green,Purple,Red,Yellow	Blue	strong_crucivirus_like	True	True	True	rna_virus_scored_crucivirus_like	0.8837335			
Sdomain	Yellow	Ribo_ND_385092	0	0.8833676	1	False	1	False	1	False	/workspace/cruci-classifier/results/grid_esm35m_e50/Sdomain/Yellow/eval/test_eval_results.csv	0	0.5087921023368835	Ribo_ND_385092	202	202	0	0	S_domain	Ribo_ND_385092	Ribo_ND_385092|Sdomain|Yellow|record0	0	rna_virus	Yellow	Yellow	0.8833676	1	1	False	False	frozen_esm2_35m_head	Blue,Green,Purple,Red	Yellow	strong_crucivirus_like	True	True	True	rna_virus_scored_crucivirus_like	0.8833676			
Sdomain	Yellow	Ribo_ND_046666	0	0.8821539	1	False	1	False	1	False	/workspace/cruci-classifier/results/grid_esm35m_e50/Sdomain/Yellow/eval/test_eval_results.csv	0	0.5087921023368835	Ribo_ND_046666	179	179	0	0	S_domain	Ribo_ND_046666	Ribo_ND_046666|Sdomain|Yellow|record0	0	rna_virus	Yellow	Yellow	0.8821539	1	1	False	False	frozen_esm2_35m_head	Blue,Green,Purple,Red	Yellow	strong_crucivirus_like	True	True	True	rna_virus_scored_crucivirus_like	0.8821539			
Rdomain	Purple	Cruci_CruV_86	1	0.11825183	0	False	0	False	0	False	/workspace/cruci-classifier/results/grid_esm35m_e50/Rdomain/Purple/eval/test_eval_results.csv	0	0.5012195110321045	Cruci_CruV_86	92	92	0	0	R_domain	Cruci_CruV_86	Cruci_CruV_86|Rdomain|Purple|record0	1	crucivirus	Purple	Purple	0.11825183	0	0	False	False	frozen_esm2_35m_head	Blue,Green,Red,Yellow	Purple	strong_rna_like	True	True	True	crucivirus_scored_rna_like	0.88174817			
Sdomain	Yellow	Ribo_ND_030231	0	0.881509	1	False	1	False	1	False	/workspace/cruci-classifier/results/grid_esm35m_e50/Sdomain/Yellow/eval/test_eval_results.csv	0	0.5087921023368835	Ribo_ND_030231	177	177	0	0	S_domain	Ribo_ND_030231	Ribo_ND_030231|Sdomain|Yellow|record0	0	rna_virus	Yellow	Yellow	0.881509	1	1	False	False	frozen_esm2_35m_head	Blue,Green,Purple,Red	Yellow	strong_crucivirus_like	True	True	True	rna_virus_scored_crucivirus_like	0.881509			
Rdomain	Yellow	Ribo_Ga0058858_1169066	0	0.8810189	1	False	1	False	1	False	/workspace/cruci-classifier/results/grid_esm35m_e50/Rdomain/Yellow/eval/test_eval_results.csv	0	0.471052885055542	Ribo_Ga0058858_1169066	130	130	0	0	R_domain	Ribo_Ga0058858_1169066	Ribo_Ga0058858_1169066|Rdomain|Yellow|record0	0	rna_virus	Yellow	Yellow	0.8810189	1	1	False	False	frozen_esm2_35m_head	Blue,Green,Purple,Red	Yellow	strong_crucivirus_like	True	True	True	rna_virus_scored_crucivirus_like	0.8810189			
Rdomain	Green	Ribo_ND_363188	0	0.880195	1	False	1	False	1	False	/workspace/cruci-classifier/results/grid_esm35m_e50/Rdomain/Green/eval/test_eval_results.csv	0	0.5166996717453003	Ribo_ND_363188	114	114	0	0	R_domain	Ribo_ND_363188	Ribo_ND_363188|Rdomain|Green|record0	0	rna_virus	Green	Green	0.880195	1	1	False	False	frozen_esm2_35m_head	Blue,Purple,Red,Yellow	Green	strong_crucivirus_like	True	True	True	rna_virus_scored_crucivirus_like	0.880195			
Sdomain	Yellow	Ribo_ND_037368	0	0.87968993	1	False	1	False	1	False	/workspace/cruci-classifier/results/grid_esm35m_e50/Sdomain/Yellow/eval/test_eval_results.csv	0	0.5087921023368835	Ribo_ND_037368	177	177	0	0	S_domain	Ribo_ND_037368	Ribo_ND_037368|Sdomain|Yellow|record0	0	rna_virus	Yellow	Yellow	0.87968993	1	1	False	False	frozen_esm2_35m_head	Blue,Green,Purple,Red	Yellow	strong_crucivirus_like	True	True	True	rna_virus_scored_crucivirus_like	0.87968993			
Pdomain	Blue	Ribo_ND_249648	0	0.8793555	1	False	1	False	1	False	/workspace/cruci-classifier/results/grid_esm35m_e50/Pdomain/Blue/eval/test_eval_results.csv	0	0.4954362213611603	Ribo_ND_249648	160	160	0	0	P_domain	Ribo_ND_249648	Ribo_ND_249648|Pdomain|Blue|record0	0	rna_virus	Blue	Blue	0.8793555	1	1	False	False	frozen_esm2_35m_head	Green,Purple,Red,Yellow	Blue	strong_crucivirus_like	True	True	True	rna_virus_scored_crucivirus_like	0.8793555			
Sdomain	Yellow	Ribo_ND_032229	0	0.87752783	1	False	1	False	1	False	/workspace/cruci-classifier/results/grid_esm35m_e50/Sdomain/Yellow/eval/test_eval_results.csv	0	0.5087921023368835	Ribo_ND_032229	177	177	0	0	S_domain	Ribo_ND_032229	Ribo_ND_032229|Sdomain|Yellow|record0	0	rna_virus	Yellow	Yellow	0.87752783	1	1	False	False	frozen_esm2_35m_head	Blue,Green,Purple,Red	Yellow	strong_crucivirus_like	True	True	True	rna_virus_scored_crucivirus_like	0.87752783			
fullCP	Blue	Ribo_ND_093303	0	0.8770797	1	False	1	False	1	False	/workspace/cruci-classifier/results/grid_esm35m_e50/fullCP/Blue/eval/test_eval_results.csv	0	0.4914703667163849	Ribo_ND_093303	516	517	1	0	full_capsid	Ribo_ND_093303	Ribo_ND_093303|fullCP|Blue|record0	0	rna_virus	Blue	Blue	0.8770797	1	1	False	False	frozen_esm2_35m_head	Green,Purple,Red,Yellow	Blue	strong_crucivirus_like	True	True	True	rna_virus_scored_crucivirus_like	0.8770797			
Rdomain	Yellow	Ribo_ND_180550	0	0.8763269	1	False	1	False	1	False	/workspace/cruci-classifier/results/grid_esm35m_e50/Rdomain/Yellow/eval/test_eval_results.csv	0	0.471052885055542	Ribo_ND_180550	149	149	0	0	R_domain	Ribo_ND_180550	Ribo_ND_180550|Rdomain|Yellow|record0	0	rna_virus	Yellow	Yellow	0.8763269	1	1	False	False	frozen_esm2_35m_head	Blue,Green,Purple,Red	Yellow	strong_crucivirus_like	True	True	True	rna_virus_scored_crucivirus_like	0.8763269			
Pdomain	Purple	Ribo_ND_112738	0	0.8712312	1	False	1	False	1	False	/workspace/cruci-classifier/results/grid_esm35m_e50/Pdomain/Purple/eval/test_eval_results.csv	0	0.4982953071594238	Ribo_ND_112738	177	177	0	0	P_domain	Ribo_ND_112738	Ribo_ND_112738|Pdomain|Purple|record0	0	rna_virus	Purple	Purple	0.8712312	1	1	False	False	frozen_esm2_35m_head	Blue,Green,Red,Yellow	Purple	strong_crucivirus_like	True	True	True	rna_virus_scored_crucivirus_like	0.8712312			
Rdomain	Yellow	Ribo_ND_131961	0	0.8701269	1	False	1	False	1	False	/workspace/cruci-classifier/results/grid_esm35m_e50/Rdomain/Yellow/eval/test_eval_results.csv	0	0.471052885055542	Ribo_ND_131961	88	88	0	0	R_domain	Ribo_ND_131961	Ribo_ND_131961|Rdomain|Yellow|record0	0	rna_virus	Yellow	Yellow	0.8701269	1	1	False	False	frozen_esm2_35m_head	Blue,Green,Purple,Red	Yellow	strong_crucivirus_like	True	True	True	rna_virus_scored_crucivirus_like	0.8701269			
fullCP	Green	Cruci_CruV_466	1	0.13097052	0	False	0	False	0	False	/workspace/cruci-classifier/results/grid_esm35m_e50/fullCP/Green/eval/test_eval_results.csv	0	0.4995022118091583	Cruci_CruV_466	325	326	1	0	full_capsid	Cruci_CruV_466	Cruci_CruV_466|fullCP|Green|record0	1	crucivirus	Green	Green	0.13097052	0	0	False	False	frozen_esm2_35m_head	Blue,Purple,Red,Yellow	Green	strong_rna_like	True	True	True	crucivirus_scored_rna_like	0.86902948			
Rdomain	Blue	Ribo_ND_183795	0	0.8676843	1	False	1	False	1	False	/workspace/cruci-classifier/results/grid_esm35m_e50/Rdomain/Blue/eval/test_eval_results.csv	0	0.4960196018218994	Ribo_ND_183795	104	104	0	0	R_domain	Ribo_ND_183795	Ribo_ND_183795|Rdomain|Blue|record0	0	rna_virus	Blue	Blue	0.8676843	1	1	False	False	frozen_esm2_35m_head	Green,Purple,Red,Yellow	Blue	strong_crucivirus_like	True	True	True	rna_virus_scored_crucivirus_like	0.8676843			
fullCP	Red	Ribo_ND_336310	0	0.867631	1	False	1	False	1	False	/workspace/cruci-classifier/results/grid_esm35m_e50/fullCP/Red/eval/test_eval_results.csv	0	0.4925376772880554	Ribo_ND_336310	598	599	1	0	full_capsid	Ribo_ND_336310	Ribo_ND_336310|fullCP|Red|record0	0	rna_virus	Red	Red	0.867631	1	1	False	False	frozen_esm2_35m_head	Blue,Green,Purple,Yellow	Red	strong_crucivirus_like	True	True	True	rna_virus_scored_crucivirus_like	0.867631			
Sdomain	Red	Cruci_CruV-902	1	0.13261804	0	False	0	False	0	False	/workspace/cruci-classifier/results/grid_esm35m_e50/Sdomain/Red/eval/test_eval_results.csv	0	0.4007981121540069	Cruci_CruV-902	194	194	0	0	S_domain	Cruci_CruV-902	Cruci_CruV-902|Sdomain|Red|record0	1	crucivirus	Red	Red	0.13261804	0	0	False	False	frozen_esm2_35m_head	Blue,Green,Purple,Yellow	Red	strong_rna_like	True	True	True	crucivirus_scored_rna_like	0.86738196			
Pdomain	Yellow	Ribo_ND_187628	0	0.8670475	1	False	1	False	1	False	/workspace/cruci-classifier/results/grid_esm35m_e50/Pdomain/Yellow/eval/test_eval_results.csv	0	0.4989717900753021	Ribo_ND_187628	174	174	0	0	P_domain	Ribo_ND_187628	Ribo_ND_187628|Pdomain|Yellow|record0	0	rna_virus	Yellow	Yellow	0.8670475	1	1	False	False	frozen_esm2_35m_head	Blue,Green,Purple,Red	Yellow	strong_crucivirus_like	True	True	True	rna_virus_scored_crucivirus_like	0.8670475			
Sdomain	Yellow	Ribo_ND_068189	0	0.86658466	1	False	1	False	1	False	/workspace/cruci-classifier/results/grid_esm35m_e50/Sdomain/Yellow/eval/test_eval_results.csv	0	0.5087921023368835	Ribo_ND_068189	175	175	0	0	S_domain	Ribo_ND_068189	Ribo_ND_068189|Sdomain|Yellow|record0	0	rna_virus	Yellow	Yellow	0.86658466	1	1	False	False	frozen_esm2_35m_head	Blue,Green,Purple,Red	Yellow	strong_crucivirus_like	True	True	True	rna_virus_scored_crucivirus_like	0.86658466			
Sdomain	Purple	Cruci_CruV-954	1	0.13511245	0	False	0	False	0	False	/workspace/cruci-classifier/results/grid_esm35m_e50/Sdomain/Purple/eval/test_eval_results.csv	0	0.5010125041007996	Cruci_CruV-954	201	201	0	0	S_domain	Cruci_CruV-954	Cruci_CruV-954|Sdomain|Purple|record0	1	crucivirus	Purple	Purple	0.13511245	0	0	False	False	frozen_esm2_35m_head	Blue,Green,Red,Yellow	Purple	strong_rna_like	True	True	True	crucivirus_scored_rna_like	0.86488755			
fullCP	Purple	Cruci_CruV_130	1	0.13542771	0	False	0	False	0	False	/workspace/cruci-classifier/results/grid_esm35m_e50/fullCP/Purple/eval/test_eval_results.csv	0	0.4988135993480682	Cruci_CruV_130	431	432	1	0	full_capsid	Cruci_CruV_130	Cruci_CruV_130|fullCP|Purple|record0	1	crucivirus	Purple	Purple	0.13542771	0	0	False	False	frozen_esm2_35m_head	Blue,Green,Red,Yellow	Purple	strong_rna_like	True	True	True	crucivirus_scored_rna_like	0.86457229			
Sdomain	Yellow	Ribo_ND_253618	0	0.8639658	1	False	1	False	1	False	/workspace/cruci-classifier/results/grid_esm35m_e50/Sdomain/Yellow/eval/test_eval_results.csv	0	0.5087921023368835	Ribo_ND_253618	177	177	0	0	S_domain	Ribo_ND_253618	Ribo_ND_253618|Sdomain|Yellow|record0	0	rna_virus	Yellow	Yellow	0.8639658	1	1	False	False	frozen_esm2_35m_head	Blue,Green,Purple,Red	Yellow	strong_crucivirus_like	True	True	True	rna_virus_scored_crucivirus_like	0.8639658			
Rdomain	Blue	Ribo_ND_028934	0	0.863863	1	False	1	False	1	False	/workspace/cruci-classifier/results/grid_esm35m_e50/Rdomain/Blue/eval/test_eval_results.csv	0	0.4960196018218994	Ribo_ND_028934	92	92	0	0	R_domain	Ribo_ND_028934	Ribo_ND_028934|Rdomain|Blue|record0	0	rna_virus	Blue	Blue	0.863863	1	1	False	False	frozen_esm2_35m_head	Green,Purple,Red,Yellow	Blue	strong_crucivirus_like	True	True	True	rna_virus_scored_crucivirus_like	0.863863			
Pdomain	Yellow	Ribo_ND_366332	0	0.8637606	1	False	1	False	1	False	/workspace/cruci-classifier/results/grid_esm35m_e50/Pdomain/Yellow/eval/test_eval_results.csv	0	0.4989717900753021	Ribo_ND_366332	185	185	0	0	P_domain	Ribo_ND_366332	Ribo_ND_366332|Pdomain|Yellow|record0	0	rna_virus	Yellow	Yellow	0.8637606	1	1	False	False	frozen_esm2_35m_head	Blue,Green,Purple,Red	Yellow	strong_crucivirus_like	True	True	True	rna_virus_scored_crucivirus_like	0.8637606			
Sdomain	Yellow	Ribo_ND_106166	0	0.86300653	1	False	1	False	1	False	/workspace/cruci-classifier/results/grid_esm35m_e50/Sdomain/Yellow/eval/test_eval_results.csv	0	0.5087921023368835	Ribo_ND_106166	178	178	0	0	S_domain	Ribo_ND_106166	Ribo_ND_106166|Sdomain|Yellow|record0	0	rna_virus	Yellow	Yellow	0.86300653	1	1	False	False	frozen_esm2_35m_head	Blue,Green,Purple,Red	Yellow	strong_crucivirus_like	True	True	True	rna_virus_scored_crucivirus_like	0.86300653			
Rdomain	Yellow	Ribo_ND_237007	0	0.8618039	1	False	1	False	1	False	/workspace/cruci-classifier/results/grid_esm35m_e50/Rdomain/Yellow/eval/test_eval_results.csv	0	0.471052885055542	Ribo_ND_237007	119	119	0	0	R_domain	Ribo_ND_237007	Ribo_ND_237007|Rdomain|Yellow|record0	0	rna_virus	Yellow	Yellow	0.8618039	1	1	False	False	frozen_esm2_35m_head	Blue,Green,Purple,Red	Yellow	strong_crucivirus_like	True	True	True	rna_virus_scored_crucivirus_like	0.8618039			
Rdomain	Yellow	Ribo_ND_299879	0	0.8613461	1	False	1	False	1	False	/workspace/cruci-classifier/results/grid_esm35m_e50/Rdomain/Yellow/eval/test_eval_results.csv	0	0.471052885055542	Ribo_ND_299879	124	124	0	0	R_domain	Ribo_ND_299879	Ribo_ND_299879|Rdomain|Yellow|record0	0	rna_virus	Yellow	Yellow	0.8613461	1	1	False	False	frozen_esm2_35m_head	Blue,Green,Purple,Red	Yellow	strong_crucivirus_like	True	True	True	rna_virus_scored_crucivirus_like	0.8613461			
Sdomain	Yellow	Ribo_ND_162910	0	0.86112106	1	False	1	False	1	False	/workspace/cruci-classifier/results/grid_esm35m_e50/Sdomain/Yellow/eval/test_eval_results.csv	0	0.5087921023368835	Ribo_ND_162910	178	178	0	0	S_domain	Ribo_ND_162910	Ribo_ND_162910|Sdomain|Yellow|record0	0	rna_virus	Yellow	Yellow	0.86112106	1	1	False	False	frozen_esm2_35m_head	Blue,Green,Purple,Red	Yellow	strong_crucivirus_like	True	True	True	rna_virus_scored_crucivirus_like	0.86112106			
Sdomain	Yellow	Ribo_ND_330301	0	0.86060476	1	False	1	False	1	False	/workspace/cruci-classifier/results/grid_esm35m_e50/Sdomain/Yellow/eval/test_eval_results.csv	0	0.5087921023368835	Ribo_ND_330301	179	179	0	0	S_domain	Ribo_ND_330301	Ribo_ND_330301|Sdomain|Yellow|record0	0	rna_virus	Yellow	Yellow	0.86060476	1	1	False	False	frozen_esm2_35m_head	Blue,Green,Purple,Red	Yellow	strong_crucivirus_like	True	True	True	rna_virus_scored_crucivirus_like	0.86060476			
Pdomain	Blue	Cruci_CruV_330	1	0.1394944	0	False	0	False	0	False	/workspace/cruci-classifier/results/grid_esm35m_e50/Pdomain/Blue/eval/test_eval_results.csv	0	0.4954362213611603	Cruci_CruV_330	167	167	0	0	P_domain	Cruci_CruV_330	Cruci_CruV_330|Pdomain|Blue|record0	1	crucivirus	Blue	Blue	0.1394944	0	0	False	False	frozen_esm2_35m_head	Green,Purple,Red,Yellow	Blue	strong_rna_like	True	True	True	crucivirus_scored_rna_like	0.8605056			
Rdomain	Yellow	Ribo_ND_203176	0	0.86004853	1	False	1	False	1	False	/workspace/cruci-classifier/results/grid_esm35m_e50/Rdomain/Yellow/eval/test_eval_results.csv	0	0.471052885055542	Ribo_ND_203176	119	119	0	0	R_domain	Ribo_ND_203176	Ribo_ND_203176|Rdomain|Yellow|record0	0	rna_virus	Yellow	Yellow	0.86004853	1	1	False	False	frozen_esm2_35m_head	Blue,Green,Purple,Red	Yellow	strong_crucivirus_like	True	True	True	rna_virus_scored_crucivirus_like	0.86004853			
fullCP	Green	Cruci_CruV_500	1	0.14215992	0	False	0	False	0	False	/workspace/cruci-classifier/results/grid_esm35m_e50/fullCP/Green/eval/test_eval_results.csv	0	0.4995022118091583	Cruci_CruV_500	580	581	1	0	full_capsid	Cruci_CruV_500	Cruci_CruV_500|fullCP|Green|record0	1	crucivirus	Green	Green	0.14215992	0	0	False	False	frozen_esm2_35m_head	Blue,Purple,Red,Yellow	Green	strong_rna_like	True	True	True	crucivirus_scored_rna_like	0.85784008			
Pdomain	Purple	Cruci_CruV_183	1	0.14493233	0	False	0	False	0	False	/workspace/cruci-classifier/results/grid_esm35m_e50/Pdomain/Purple/eval/test_eval_results.csv	0	0.4982953071594238	Cruci_CruV_183	237	237	0	0	P_domain	Cruci_CruV_183	Cruci_CruV_183|Pdomain|Purple|record0	1	crucivirus	Purple	Purple	0.14493233	0	0	False	False	frozen_esm2_35m_head	Blue,Green,Red,Yellow	Purple	strong_rna_like	True	True	True	crucivirus_scored_rna_like	0.85506767			
Pdomain	Yellow	Ribo_JAAOEH010001932.1	0	0.8546685	1	False	1	False	1	False	/workspace/cruci-classifier/results/grid_esm35m_e50/Pdomain/Yellow/eval/test_eval_results.csv	0	0.4989717900753021	Ribo_JAAOEH010001932.1	160	160	0	0	P_domain	Ribo_JAAOEH010001932.1	Ribo_JAAOEH010001932.1|Pdomain|Yellow|record0	0	rna_virus	Yellow	Yellow	0.8546685	1	1	False	False	frozen_esm2_35m_head	Blue,Green,Purple,Red	Yellow	strong_crucivirus_like	True	True	True	rna_virus_scored_crucivirus_like	0.8546685			
Pdomain	Yellow	Ribo_ND_025226	0	0.8546685	1	False	1	False	1	False	/workspace/cruci-classifier/results/grid_esm35m_e50/Pdomain/Yellow/eval/test_eval_results.csv	0	0.4989717900753021	Ribo_ND_025226	160	160	0	0	P_domain	Ribo_ND_025226	Ribo_ND_025226|Pdomain|Yellow|record0	0	rna_virus	Yellow	Yellow	0.8546685	1	1	False	False	frozen_esm2_35m_head	Blue,Green,Purple,Red	Yellow	strong_crucivirus_like	True	True	True	rna_virus_scored_crucivirus_like	0.8546685			
Sdomain	Yellow	Ribo_ND_100110	0	0.85423976	1	False	1	False	1	False	/workspace/cruci-classifier/results/grid_esm35m_e50/Sdomain/Yellow/eval/test_eval_results.csv	0	0.5087921023368835	Ribo_ND_100110	178	178	0	0	S_domain	Ribo_ND_100110	Ribo_ND_100110|Sdomain|Yellow|record0	0	rna_virus	Yellow	Yellow	0.85423976	1	1	False	False	frozen_esm2_35m_head	Blue,Green,Purple,Red	Yellow	strong_crucivirus_like	True	True	True	rna_virus_scored_crucivirus_like	0.85423976			
fullCP	Purple	Cruci_CruV_537	1	0.145897	0	False	0	False	0	False	/workspace/cruci-classifier/results/grid_esm35m_e50/fullCP/Purple/eval/test_eval_results.csv	0	0.4988135993480682	Cruci_CruV_537	481	482	1	0	full_capsid	Cruci_CruV_537	Cruci_CruV_537|fullCP|Purple|record0	1	crucivirus	Purple	Purple	0.145897	0	0	False	False	frozen_esm2_35m_head	Blue,Green,Red,Yellow	Purple	strong_rna_like	True	True	True	crucivirus_scored_rna_like	0.8541030000000001			
Rdomain	Yellow	Ribo_ND_100104	0	0.85402894	1	False	1	False	1	False	/workspace/cruci-classifier/results/grid_esm35m_e50/Rdomain/Yellow/eval/test_eval_results.csv	0	0.471052885055542	Ribo_ND_100104	84	84	0	0	R_domain	Ribo_ND_100104	Ribo_ND_100104|Rdomain|Yellow|record0	0	rna_virus	Yellow	Yellow	0.85402894	1	1	False	False	frozen_esm2_35m_head	Blue,Green,Purple,Red	Yellow	strong_crucivirus_like	True	True	True	rna_virus_scored_crucivirus_like	0.85402894			
Rdomain	Yellow	Ribo_ND_158134	0	0.8537017	1	False	1	False	1	False	/workspace/cruci-classifier/results/grid_esm35m_e50/Rdomain/Yellow/eval/test_eval_results.csv	0	0.471052885055542	Ribo_ND_158134	104	104	0	0	R_domain	Ribo_ND_158134	Ribo_ND_158134|Rdomain|Yellow|record0	0	rna_virus	Yellow	Yellow	0.8537017	1	1	False	False	frozen_esm2_35m_head	Blue,Green,Purple,Red	Yellow	strong_crucivirus_like	True	True	True	rna_virus_scored_crucivirus_like	0.8537017			
Sdomain	Yellow	Ribo_ND_092889	0	0.85312706	1	False	1	False	1	False	/workspace/cruci-classifier/results/grid_esm35m_e50/Sdomain/Yellow/eval/test_eval_results.csv	0	0.5087921023368835	Ribo_ND_092889	177	177	0	0	S_domain	Ribo_ND_092889	Ribo_ND_092889|Sdomain|Yellow|record0	0	rna_virus	Yellow	Yellow	0.85312706	1	1	False	False	frozen_esm2_35m_head	Blue,Green,Purple,Red	Yellow	strong_crucivirus_like	True	True	True	rna_virus_scored_crucivirus_like	0.85312706			
Rdomain	Purple	Cruci_CruV-847	1	0.14736277	0	False	0	False	0	False	/workspace/cruci-classifier/results/grid_esm35m_e50/Rdomain/Purple/eval/test_eval_results.csv	0	0.5012195110321045	Cruci_CruV-847	55	55	0	0	R_domain	Cruci_CruV-847	Cruci_CruV-847|Rdomain|Purple|record0	1	crucivirus	Purple	Purple	0.14736277	0	0	False	False	frozen_esm2_35m_head	Blue,Green,Red,Yellow	Purple	strong_rna_like	True	True	True	crucivirus_scored_rna_like	0.85263723			
Rdomain	Green	Cruci_CruV-932	1	0.1479839	0	False	0	False	0	False	/workspace/cruci-classifier/results/grid_esm35m_e50/Rdomain/Green/eval/test_eval_results.csv	0	0.5166996717453003	Cruci_CruV-932	28	28	0	0	R_domain	Cruci_CruV-932	Cruci_CruV-932|Rdomain|Green|record0	1	crucivirus	Green	Green	0.1479839	0	0	False	False	frozen_esm2_35m_head	Blue,Purple,Red,Yellow	Green	strong_rna_like	True	True	True	crucivirus_scored_rna_like	0.8520160999999999			
Sdomain	Green	Cruci_CruV-783	1	0.14834508	0	False	0	False	0	False	/workspace/cruci-classifier/results/grid_esm35m_e50/Sdomain/Green/eval/test_eval_results.csv	0	0.5480888485908508	Cruci_CruV-783	184	184	0	0	S_domain	Cruci_CruV-783	Cruci_CruV-783|Sdomain|Green|record0	1	crucivirus	Green	Green	0.14834508	0	0	False	False	frozen_esm2_35m_head	Blue,Purple,Red,Yellow	Green	strong_rna_like	True	True	True	crucivirus_scored_rna_like	0.85165492			
Sdomain	Yellow	Ribo_ND_155771	0	0.8512124	1	False	1	False	1	False	/workspace/cruci-classifier/results/grid_esm35m_e50/Sdomain/Yellow/eval/test_eval_results.csv	0	0.5087921023368835	Ribo_ND_155771	177	177	0	0	S_domain	Ribo_ND_155771	Ribo_ND_155771|Sdomain|Yellow|record0	0	rna_virus	Yellow	Yellow	0.8512124	1	1	False	False	frozen_esm2_35m_head	Blue,Green,Purple,Red	Yellow	strong_crucivirus_like	True	True	True	rna_virus_scored_crucivirus_like	0.8512124			
Rdomain	Green	Cruci_CruV_375	1	0.14971225	0	False	0	False	0	False	/workspace/cruci-classifier/results/grid_esm35m_e50/Rdomain/Green/eval/test_eval_results.csv	0	0.5166996717453003	Cruci_CruV_375	104	104	0	0	R_domain	Cruci_CruV_375	Cruci_CruV_375|Rdomain|Green|record0	1	crucivirus	Green	Green	0.14971225	0	0	False	False	frozen_esm2_35m_head	Blue,Purple,Red,Yellow	Green	strong_rna_like	True	True	True	crucivirus_scored_rna_like	0.85028775			
Pdomain	Purple	Cruci_CruV-589	1	0.14984798	0	False	0	False	0	False	/workspace/cruci-classifier/results/grid_esm35m_e50/Pdomain/Purple/eval/test_eval_results.csv	0	0.4982953071594238	Cruci_CruV-589	147	147	0	0	P_domain	Cruci_CruV-589	Cruci_CruV-589|Pdomain|Purple|record0	1	crucivirus	Purple	Purple	0.14984798	0	0	False	False	frozen_esm2_35m_head	Blue,Green,Red,Yellow	Purple	strong_rna_like	True	True	True	crucivirus_scored_rna_like	0.85015202			
Sdomain	Green	Cruci_CruV-970_2	1	0.1499191	0	False	0	False	0	False	/workspace/cruci-classifier/results/grid_esm35m_e50/Sdomain/Green/eval/test_eval_results.csv	0	0.5480888485908508	Cruci_CruV-970_2	189	189	0	0	S_domain	Cruci_CruV-970_2	Cruci_CruV-970_2|Sdomain|Green|record0	1	crucivirus	Green	Green	0.1499191	0	0	False	False	frozen_esm2_35m_head	Blue,Purple,Red,Yellow	Green	strong_rna_like	True	True	True	crucivirus_scored_rna_like	0.8500809			
Pdomain	Purple	Cruci_CruV-819	1	0.1499936	0	False	0	False	0	False	/workspace/cruci-classifier/results/grid_esm35m_e50/Pdomain/Purple/eval/test_eval_results.csv	0	0.4982953071594238	Cruci_CruV-819	304	304	0	0	P_domain	Cruci_CruV-819	Cruci_CruV-819|Pdomain|Purple|record0	1	crucivirus	Purple	Purple	0.1499936	0	0	False	False	frozen_esm2_35m_head	Blue,Green,Red,Yellow	Purple	strong_rna_like	True	True	True	crucivirus_scored_rna_like	0.8500064			
Pdomain	Green	Cruci_CruV-807	1	0.15012524	0	False	0	False	0	False	/workspace/cruci-classifier/results/grid_esm35m_e50/Pdomain/Green/eval/test_eval_results.csv	0	0.5002309083938599	Cruci_CruV-807	132	132	0	0	P_domain	Cruci_CruV-807	Cruci_CruV-807|Pdomain|Green|record0	1	crucivirus	Green	Green	0.15012524	0	0	False	False	frozen_esm2_35m_head	Blue,Purple,Red,Yellow	Green	strong_rna_like	True	True	True	crucivirus_scored_rna_like	0.8498747600000001			
fullCP	Blue	Ribo_ND_207626	0	0.8493606	1	False	1	False	1	False	/workspace/cruci-classifier/results/grid_esm35m_e50/fullCP/Blue/eval/test_eval_results.csv	0	0.4914703667163849	Ribo_ND_207626	586	587	1	0	full_capsid	Ribo_ND_207626	Ribo_ND_207626|fullCP|Blue|record0	0	rna_virus	Blue	Blue	0.8493606	1	1	False	False	frozen_esm2_35m_head	Green,Purple,Red,Yellow	Blue	strong_crucivirus_like	True	True	True	rna_virus_scored_crucivirus_like	0.8493606			
Sdomain	Yellow	Ribo_ND_044149	0	0.845934	1	False	1	False	1	False	/workspace/cruci-classifier/results/grid_esm35m_e50/Sdomain/Yellow/eval/test_eval_results.csv	0	0.5087921023368835	Ribo_ND_044149	182	182	0	0	S_domain	Ribo_ND_044149	Ribo_ND_044149|Sdomain|Yellow|record0	0	rna_virus	Yellow	Yellow	0.845934	1	1	False	False	frozen_esm2_35m_head	Blue,Green,Purple,Red	Yellow	strong_crucivirus_like	True	True	True	rna_virus_scored_crucivirus_like	0.845934			
Sdomain	Blue	Ribo_ND_132327	0	0.8458893	1	False	1	False	1	False	/workspace/cruci-classifier/results/grid_esm35m_e50/Sdomain/Blue/eval/test_eval_results.csv	0	0.3950238227844238	Ribo_ND_132327	182	182	0	0	S_domain	Ribo_ND_132327	Ribo_ND_132327|Sdomain|Blue|record0	0	rna_virus	Blue	Blue	0.8458893	1	1	False	False	frozen_esm2_35m_head	Green,Purple,Red,Yellow	Blue	strong_crucivirus_like	True	True	True	rna_virus_scored_crucivirus_like	0.8458893			
Sdomain	Yellow	Ribo_ND_085676	0	0.8452257	1	False	1	False	1	False	/workspace/cruci-classifier/results/grid_esm35m_e50/Sdomain/Yellow/eval/test_eval_results.csv	0	0.5087921023368835	Ribo_ND_085676	181	181	0	0	S_domain	Ribo_ND_085676	Ribo_ND_085676|Sdomain|Yellow|record0	0	rna_virus	Yellow	Yellow	0.8452257	1	1	False	False	frozen_esm2_35m_head	Blue,Green,Purple,Red	Yellow	strong_crucivirus_like	True	True	True	rna_virus_scored_crucivirus_like	0.8452257			
Sdomain	Yellow	Ribo_ND_179963	0	0.8451774	1	False	1	False	1	False	/workspace/cruci-classifier/results/grid_esm35m_e50/Sdomain/Yellow/eval/test_eval_results.csv	0	0.5087921023368835	Ribo_ND_179963	200	200	0	0	S_domain	Ribo_ND_179963	Ribo_ND_179963|Sdomain|Yellow|record0	0	rna_virus	Yellow	Yellow	0.8451774	1	1	False	False	frozen_esm2_35m_head	Blue,Green,Purple,Red	Yellow	strong_crucivirus_like	True	True	True	rna_virus_scored_crucivirus_like	0.8451774			
Pdomain	Yellow	Ribo_ND_044399	0	0.8450671	1	False	1	False	1	False	/workspace/cruci-classifier/results/grid_esm35m_e50/Pdomain/Yellow/eval/test_eval_results.csv	0	0.4989717900753021	Ribo_ND_044399	159	159	0	0	P_domain	Ribo_ND_044399	Ribo_ND_044399|Pdomain|Yellow|record0	0	rna_virus	Yellow	Yellow	0.8450671	1	1	False	False	frozen_esm2_35m_head	Blue,Green,Purple,Red	Yellow	strong_crucivirus_like	True	True	True	rna_virus_scored_crucivirus_like	0.8450671			
Rdomain	Purple	Ribo_ND_097088	0	0.8449701	1	False	1	False	1	False	/workspace/cruci-classifier/results/grid_esm35m_e50/Rdomain/Purple/eval/test_eval_results.csv	0	0.5012195110321045	Ribo_ND_097088	95	95	0	0	R_domain	Ribo_ND_097088	Ribo_ND_097088|Rdomain|Purple|record0	0	rna_virus	Purple	Purple	0.8449701	1	1	False	False	frozen_esm2_35m_head	Blue,Green,Red,Yellow	Purple	strong_crucivirus_like	True	True	True	rna_virus_scored_crucivirus_like	0.8449701			
Pdomain	Blue	Ribo_ND_166546	0	0.84424746	1	False	1	False	1	False	/workspace/cruci-classifier/results/grid_esm35m_e50/Pdomain/Blue/eval/test_eval_results.csv	0	0.4954362213611603	Ribo_ND_166546	148	148	0	0	P_domain	Ribo_ND_166546	Ribo_ND_166546|Pdomain|Blue|record0	0	rna_virus	Blue	Blue	0.84424746	1	1	False	False	frozen_esm2_35m_head	Green,Purple,Red,Yellow	Blue	strong_crucivirus_like	True	True	True	rna_virus_scored_crucivirus_like	0.84424746			
fullCP	Blue	Ribo_ND_030566	0	0.84377605	1	False	1	False	1	False	/workspace/cruci-classifier/results/grid_esm35m_e50/fullCP/Blue/eval/test_eval_results.csv	0	0.4914703667163849	Ribo_ND_030566	527	528	1	0	full_capsid	Ribo_ND_030566	Ribo_ND_030566|fullCP|Blue|record0	0	rna_virus	Blue	Blue	0.84377605	1	1	False	False	frozen_esm2_35m_head	Green,Purple,Red,Yellow	Blue	strong_crucivirus_like	True	True	True	rna_virus_scored_crucivirus_like	0.84377605			
Pdomain	Yellow	Ribo_ND_060762	0	0.8437074	1	False	1	False	1	False	/workspace/cruci-classifier/results/grid_esm35m_e50/Pdomain/Yellow/eval/test_eval_results.csv	0	0.4989717900753021	Ribo_ND_060762	150	150	0	0	P_domain	Ribo_ND_060762	Ribo_ND_060762|Pdomain|Yellow|record0	0	rna_virus	Yellow	Yellow	0.8437074	1	1	False	False	frozen_esm2_35m_head	Blue,Green,Purple,Red	Yellow	strong_crucivirus_like	True	True	True	rna_virus_scored_crucivirus_like	0.8437074			
Sdomain	Yellow	Ribo_ND_370430	0	0.8435486	1	False	1	False	1	False	/workspace/cruci-classifier/results/grid_esm35m_e50/Sdomain/Yellow/eval/test_eval_results.csv	0	0.5087921023368835	Ribo_ND_370430	177	177	0	0	S_domain	Ribo_ND_370430	Ribo_ND_370430|Sdomain|Yellow|record0	0	rna_virus	Yellow	Yellow	0.8435486	1	1	False	False	frozen_esm2_35m_head	Blue,Green,Purple,Red	Yellow	strong_crucivirus_like	True	True	True	rna_virus_scored_crucivirus_like	0.8435486			
Rdomain	Yellow	Ribo_ND_111053	0	0.8419202	1	False	1	False	1	False	/workspace/cruci-classifier/results/grid_esm35m_e50/Rdomain/Yellow/eval/test_eval_results.csv	0	0.471052885055542	Ribo_ND_111053	108	108	0	0	R_domain	Ribo_ND_111053	Ribo_ND_111053|Rdomain|Yellow|record0	0	rna_virus	Yellow	Yellow	0.8419202	1	1	False	False	frozen_esm2_35m_head	Blue,Green,Purple,Red	Yellow	strong_crucivirus_like	True	True	True	rna_virus_scored_crucivirus_like	0.8419202			
Sdomain	Purple	Ribo_ND_249653	0	0.841229	1	False	1	False	1	False	/workspace/cruci-classifier/results/grid_esm35m_e50/Sdomain/Purple/eval/test_eval_results.csv	0	0.5010125041007996	Ribo_ND_249653	181	181	0	0	S_domain	Ribo_ND_249653	Ribo_ND_249653|Sdomain|Purple|record0	0	rna_virus	Purple	Purple	0.841229	1	1	False	False	frozen_esm2_35m_head	Blue,Green,Red,Yellow	Purple	strong_crucivirus_like	True	True	True	rna_virus_scored_crucivirus_like	0.841229			
Sdomain	Yellow	Ribo_ND_028884	0	0.84016883	1	False	1	False	1	False	/workspace/cruci-classifier/results/grid_esm35m_e50/Sdomain/Yellow/eval/test_eval_results.csv	0	0.5087921023368835	Ribo_ND_028884	177	177	0	0	S_domain	Ribo_ND_028884	Ribo_ND_028884|Sdomain|Yellow|record0	0	rna_virus	Yellow	Yellow	0.84016883	1	1	False	False	frozen_esm2_35m_head	Blue,Green,Purple,Red	Yellow	strong_crucivirus_like	True	True	True	rna_virus_scored_crucivirus_like	0.84016883			
Rdomain	Yellow	Ribo_ND_025076	0	0.8400845	1	False	1	False	1	False	/workspace/cruci-classifier/results/grid_esm35m_e50/Rdomain/Yellow/eval/test_eval_results.csv	0	0.471052885055542	Ribo_ND_025076	89	89	0	0	R_domain	Ribo_ND_025076	Ribo_ND_025076|Rdomain|Yellow|record0	0	rna_virus	Yellow	Yellow	0.8400845	1	1	False	False	frozen_esm2_35m_head	Blue,Green,Purple,Red	Yellow	strong_crucivirus_like	True	True	True	rna_virus_scored_crucivirus_like	0.8400845			
Rdomain	Blue	Ribo_ND_046601	0	0.8389691	1	False	1	False	1	False	/workspace/cruci-classifier/results/grid_esm35m_e50/Rdomain/Blue/eval/test_eval_results.csv	0	0.4960196018218994	Ribo_ND_046601	115	115	0	0	R_domain	Ribo_ND_046601	Ribo_ND_046601|Rdomain|Blue|record0	0	rna_virus	Blue	Blue	0.8389691	1	1	False	False	frozen_esm2_35m_head	Green,Purple,Red,Yellow	Blue	strong_crucivirus_like	True	True	True	rna_virus_scored_crucivirus_like	0.8389691			
Sdomain	Blue	Ribo_ND_046668	0	0.8379703	1	False	1	False	1	False	/workspace/cruci-classifier/results/grid_esm35m_e50/Sdomain/Blue/eval/test_eval_results.csv	0	0.3950238227844238	Ribo_ND_046668	183	183	0	0	S_domain	Ribo_ND_046668	Ribo_ND_046668|Sdomain|Blue|record0	0	rna_virus	Blue	Blue	0.8379703	1	1	False	False	frozen_esm2_35m_head	Green,Purple,Red,Yellow	Blue	strong_crucivirus_like	True	True	True	rna_virus_scored_crucivirus_like	0.8379703			
Sdomain	Green	Cruci_CruV_538	1	0.16328752	0	False	0	False	0	False	/workspace/cruci-classifier/results/grid_esm35m_e50/Sdomain/Green/eval/test_eval_results.csv	0	0.5480888485908508	Cruci_CruV_538	186	186	0	0	S_domain	Cruci_CruV_538	Cruci_CruV_538|Sdomain|Green|record0	1	crucivirus	Green	Green	0.16328752	0	0	False	False	frozen_esm2_35m_head	Blue,Purple,Red,Yellow	Green	strong_rna_like	True	True	True	crucivirus_scored_rna_like	0.83671248			
Sdomain	Yellow	Ribo_ND_148054	0	0.8357185	1	False	1	False	1	False	/workspace/cruci-classifier/results/grid_esm35m_e50/Sdomain/Yellow/eval/test_eval_results.csv	0	0.5087921023368835	Ribo_ND_148054	177	177	0	0	S_domain	Ribo_ND_148054	Ribo_ND_148054|Sdomain|Yellow|record0	0	rna_virus	Yellow	Yellow	0.8357185	1	1	False	False	frozen_esm2_35m_head	Blue,Green,Purple,Red	Yellow	strong_crucivirus_like	True	True	True	rna_virus_scored_crucivirus_like	0.8357185			
Rdomain	Yellow	Ribo_ND_062045	0	0.83562434	1	False	1	False	1	False	/workspace/cruci-classifier/results/grid_esm35m_e50/Rdomain/Yellow/eval/test_eval_results.csv	0	0.471052885055542	Ribo_ND_062045	127	127	0	0	R_domain	Ribo_ND_062045	Ribo_ND_062045|Rdomain|Yellow|record0	0	rna_virus	Yellow	Yellow	0.83562434	1	1	False	False	frozen_esm2_35m_head	Blue,Green,Purple,Red	Yellow	strong_crucivirus_like	True	True	True	rna_virus_scored_crucivirus_like	0.83562434			
fullCP	Blue	Ribo_ND_178256	0	0.83553636	1	False	1	False	1	False	/workspace/cruci-classifier/results/grid_esm35m_e50/fullCP/Blue/eval/test_eval_results.csv	0	0.4914703667163849	Ribo_ND_178256	561	562	1	0	full_capsid	Ribo_ND_178256	Ribo_ND_178256|fullCP|Blue|record0	0	rna_virus	Blue	Blue	0.83553636	1	1	False	False	frozen_esm2_35m_head	Green,Purple,Red,Yellow	Blue	strong_crucivirus_like	True	True	True	rna_virus_scored_crucivirus_like	0.83553636			
Pdomain	Yellow	Ribo_ND_029681	0	0.8347859	1	False	1	False	1	False	/workspace/cruci-classifier/results/grid_esm35m_e50/Pdomain/Yellow/eval/test_eval_results.csv	0	0.4989717900753021	Ribo_ND_029681	158	158	0	0	P_domain	Ribo_ND_029681	Ribo_ND_029681|Pdomain|Yellow|record0	0	rna_virus	Yellow	Yellow	0.8347859	1	1	False	False	frozen_esm2_35m_head	Blue,Green,Purple,Red	Yellow	strong_crucivirus_like	True	True	True	rna_virus_scored_crucivirus_like	0.8347859			
Sdomain	Yellow	Ribo_ND_025336	0	0.8342203	1	False	1	False	1	False	/workspace/cruci-classifier/results/grid_esm35m_e50/Sdomain/Yellow/eval/test_eval_results.csv	0	0.5087921023368835	Ribo_ND_025336	182	182	0	0	S_domain	Ribo_ND_025336	Ribo_ND_025336|Sdomain|Yellow|record0	0	rna_virus	Yellow	Yellow	0.8342203	1	1	False	False	frozen_esm2_35m_head	Blue,Green,Purple,Red	Yellow	strong_crucivirus_like	True	True	True	rna_virus_scored_crucivirus_like	0.8342203			
Sdomain	Green	Cruci_CruV-937	1	0.16586854	0	False	0	False	0	False	/workspace/cruci-classifier/results/grid_esm35m_e50/Sdomain/Green/eval/test_eval_results.csv	0	0.5480888485908508	Cruci_CruV-937	185	185	0	0	S_domain	Cruci_CruV-937	Cruci_CruV-937|Sdomain|Green|record0	1	crucivirus	Green	Green	0.16586854	0	0	False	False	frozen_esm2_35m_head	Blue,Purple,Red,Yellow	Green	strong_rna_like	True	True	True	crucivirus_scored_rna_like	0.83413146			
Sdomain	Yellow	Ribo_ND_050578	0	0.83363104	1	False	1	False	1	False	/workspace/cruci-classifier/results/grid_esm35m_e50/Sdomain/Yellow/eval/test_eval_results.csv	0	0.5087921023368835	Ribo_ND_050578	177	177	0	0	S_domain	Ribo_ND_050578	Ribo_ND_050578|Sdomain|Yellow|record0	0	rna_virus	Yellow	Yellow	0.83363104	1	1	False	False	frozen_esm2_35m_head	Blue,Green,Purple,Red	Yellow	strong_crucivirus_like	True	True	True	rna_virus_scored_crucivirus_like	0.83363104			
Sdomain	Yellow	Ribo_Ga0058858_1169066	0	0.8334782	1	False	1	False	1	False	/workspace/cruci-classifier/results/grid_esm35m_e50/Sdomain/Yellow/eval/test_eval_results.csv	0	0.5087921023368835	Ribo_Ga0058858_1169066	181	181	0	0	S_domain	Ribo_Ga0058858_1169066	Ribo_Ga0058858_1169066|Sdomain|Yellow|record0	0	rna_virus	Yellow	Yellow	0.8334782	1	1	False	False	frozen_esm2_35m_head	Blue,Green,Purple,Red	Yellow	strong_crucivirus_like	True	True	True	rna_virus_scored_crucivirus_like	0.8334782			
Sdomain	Green	Cruci_CruV-962	1	0.167644	0	False	0	False	0	False	/workspace/cruci-classifier/results/grid_esm35m_e50/Sdomain/Green/eval/test_eval_results.csv	0	0.5480888485908508	Cruci_CruV-962	200	200	0	0	S_domain	Cruci_CruV-962	Cruci_CruV-962|Sdomain|Green|record0	1	crucivirus	Green	Green	0.167644	0	0	False	False	frozen_esm2_35m_head	Blue,Purple,Red,Yellow	Green	strong_rna_like	True	True	True	crucivirus_scored_rna_like	0.832356			
Rdomain	Yellow	Ribo_ND_044149	0	0.8322025	1	False	1	False	1	False	/workspace/cruci-classifier/results/grid_esm35m_e50/Rdomain/Yellow/eval/test_eval_results.csv	0	0.471052885055542	Ribo_ND_044149	91	91	0	0	R_domain	Ribo_ND_044149	Ribo_ND_044149|Rdomain|Yellow|record0	0	rna_virus	Yellow	Yellow	0.8322025	1	1	False	False	frozen_esm2_35m_head	Blue,Green,Purple,Red	Yellow	strong_crucivirus_like	True	True	True	rna_virus_scored_crucivirus_like	0.8322025			
fullCP	Red	Ribo_ND_190494	0	0.8313836	1	False	1	False	1	False	/workspace/cruci-classifier/results/grid_esm35m_e50/fullCP/Red/eval/test_eval_results.csv	0	0.4925376772880554	Ribo_ND_190494	407	408	1	0	full_capsid	Ribo_ND_190494	Ribo_ND_190494|fullCP|Red|record0	0	rna_virus	Red	Red	0.8313836	1	1	False	False	frozen_esm2_35m_head	Blue,Green,Purple,Yellow	Red	strong_crucivirus_like	True	True	True	rna_virus_scored_crucivirus_like	0.8313836			
Sdomain	Yellow	Ribo_ND_365818	0	0.83109444	1	False	1	False	1	False	/workspace/cruci-classifier/results/grid_esm35m_e50/Sdomain/Yellow/eval/test_eval_results.csv	0	0.5087921023368835	Ribo_ND_365818	177	177	0	0	S_domain	Ribo_ND_365818	Ribo_ND_365818|Sdomain|Yellow|record0	0	rna_virus	Yellow	Yellow	0.83109444	1	1	False	False	frozen_esm2_35m_head	Blue,Green,Purple,Red	Yellow	strong_crucivirus_like	True	True	True	rna_virus_scored_crucivirus_like	0.83109444			
Sdomain	Blue	Ribo_ND_029416	0	0.8304481	1	False	1	False	1	False	/workspace/cruci-classifier/results/grid_esm35m_e50/Sdomain/Blue/eval/test_eval_results.csv	0	0.3950238227844238	Ribo_ND_029416	185	185	0	0	S_domain	Ribo_ND_029416	Ribo_ND_029416|Sdomain|Blue|record0	0	rna_virus	Blue	Blue	0.8304481	1	1	False	False	frozen_esm2_35m_head	Green,Purple,Red,Yellow	Blue	strong_crucivirus_like	True	True	True	rna_virus_scored_crucivirus_like	0.8304481			
fullCP	Purple	Ribo_ND_112738	0	0.82896847	1	False	1	False	1	False	/workspace/cruci-classifier/results/grid_esm35m_e50/fullCP/Purple/eval/test_eval_results.csv	0	0.4988135993480682	Ribo_ND_112738	450	451	1	0	full_capsid	Ribo_ND_112738	Ribo_ND_112738|fullCP|Purple|record0	0	rna_virus	Purple	Purple	0.82896847	1	1	False	False	frozen_esm2_35m_head	Blue,Green,Red,Yellow	Purple	strong_crucivirus_like	True	True	True	rna_virus_scored_crucivirus_like	0.82896847			
Rdomain	Yellow	Cruci_CruV-873	1	0.17151098	0	False	0	False	0	False	/workspace/cruci-classifier/results/grid_esm35m_e50/Rdomain/Yellow/eval/test_eval_results.csv	0	0.471052885055542	Cruci_CruV-873	237	237	0	0	R_domain	Cruci_CruV-873	Cruci_CruV-873|Rdomain|Yellow|record0	1	crucivirus	Yellow	Yellow	0.17151098	0	0	False	False	frozen_esm2_35m_head	Blue,Green,Purple,Red	Yellow	strong_rna_like	True	True	True	crucivirus_scored_rna_like	0.82848902			
fullCP	Green	Cruci_CruV-930	1	0.17151247	0	False	0	False	0	False	/workspace/cruci-classifier/results/grid_esm35m_e50/fullCP/Green/eval/test_eval_results.csv	0	0.4995022118091583	Cruci_CruV-930	457	457	0	0	full_capsid	Cruci_CruV-930	Cruci_CruV-930|fullCP|Green|record0	1	crucivirus	Green	Green	0.17151247	0	0	False	False	frozen_esm2_35m_head	Blue,Purple,Red,Yellow	Green	strong_rna_like	True	True	True	crucivirus_scored_rna_like	0.82848753			
Sdomain	Yellow	Ribo_ND_304381	0	0.8279507	1	False	1	False	1	False	/workspace/cruci-classifier/results/grid_esm35m_e50/Sdomain/Yellow/eval/test_eval_results.csv	0	0.5087921023368835	Ribo_ND_304381	182	182	0	0	S_domain	Ribo_ND_304381	Ribo_ND_304381|Sdomain|Yellow|record0	0	rna_virus	Yellow	Yellow	0.8279507	1	1	False	False	frozen_esm2_35m_head	Blue,Green,Purple,Red	Yellow	strong_crucivirus_like	True	True	True	rna_virus_scored_crucivirus_like	0.8279507			
Rdomain	Purple	Ribo_ND_095931	0	0.82763755	1	False	1	False	1	False	/workspace/cruci-classifier/results/grid_esm35m_e50/Rdomain/Purple/eval/test_eval_results.csv	0	0.5012195110321045	Ribo_ND_095931	95	95	0	0	R_domain	Ribo_ND_095931	Ribo_ND_095931|Rdomain|Purple|record0	0	rna_virus	Purple	Purple	0.82763755	1	1	False	False	frozen_esm2_35m_head	Blue,Green,Red,Yellow	Purple	strong_crucivirus_like	True	True	True	rna_virus_scored_crucivirus_like	0.82763755			
Rdomain	Yellow	Ribo_ND_106166	0	0.8268926	1	False	1	False	1	False	/workspace/cruci-classifier/results/grid_esm35m_e50/Rdomain/Yellow/eval/test_eval_results.csv	0	0.471052885055542	Ribo_ND_106166	105	105	0	0	R_domain	Ribo_ND_106166	Ribo_ND_106166|Rdomain|Yellow|record0	0	rna_virus	Yellow	Yellow	0.8268926	1	1	False	False	frozen_esm2_35m_head	Blue,Green,Purple,Red	Yellow	strong_crucivirus_like	True	True	True	rna_virus_scored_crucivirus_like	0.8268926			
Pdomain	Green	Ribo_ND_056608	0	0.8266825	1	False	1	False	1	False	/workspace/cruci-classifier/results/grid_esm35m_e50/Pdomain/Green/eval/test_eval_results.csv	0	0.5002309083938599	Ribo_ND_056608	198	198	0	0	P_domain	Ribo_ND_056608	Ribo_ND_056608|Pdomain|Green|record0	0	rna_virus	Green	Green	0.8266825	1	1	False	False	frozen_esm2_35m_head	Blue,Purple,Red,Yellow	Green	strong_crucivirus_like	True	True	True	rna_virus_scored_crucivirus_like	0.8266825			
Pdomain	Red	Ribo_ND_202996	0	0.8264144	1	False	1	False	1	False	/workspace/cruci-classifier/results/grid_esm35m_e50/Pdomain/Red/eval/test_eval_results.csv	0	0.4583896696567535	Ribo_ND_202996	231	231	0	0	P_domain	Ribo_ND_202996	Ribo_ND_202996|Pdomain|Red|record0	0	rna_virus	Red	Red	0.8264144	1	1	False	False	frozen_esm2_35m_head	Blue,Green,Purple,Yellow	Red	strong_crucivirus_like	True	True	True	rna_virus_scored_crucivirus_like	0.8264144			
Pdomain	Purple	Cruci_CruV-964	1	0.17427309	0	False	0	False	0	False	/workspace/cruci-classifier/results/grid_esm35m_e50/Pdomain/Purple/eval/test_eval_results.csv	0	0.4982953071594238	Cruci_CruV-964	119	119	0	0	P_domain	Cruci_CruV-964	Cruci_CruV-964|Pdomain|Purple|record0	1	crucivirus	Purple	Purple	0.17427309	0	0	False	False	frozen_esm2_35m_head	Blue,Green,Red,Yellow	Purple	strong_rna_like	True	True	True	crucivirus_scored_rna_like	0.82572691			
fullCP	Blue	Cruci_CruV_158	1	0.175059	0	False	0	False	0	False	/workspace/cruci-classifier/results/grid_esm35m_e50/fullCP/Blue/eval/test_eval_results.csv	0	0.4914703667163849	Cruci_CruV_158	439	440	1	0	full_capsid	Cruci_CruV_158	Cruci_CruV_158|fullCP|Blue|record0	1	crucivirus	Blue	Blue	0.175059	0	0	False	False	frozen_esm2_35m_head	Green,Purple,Red,Yellow	Blue	strong_rna_like	True	True	True	crucivirus_scored_rna_like	0.824941			
Rdomain	Yellow	Ribo_ND_365983	0	0.82471627	1	False	1	False	1	False	/workspace/cruci-classifier/results/grid_esm35m_e50/Rdomain/Yellow/eval/test_eval_results.csv	0	0.471052885055542	Ribo_ND_365983	119	119	0	0	R_domain	Ribo_ND_365983	Ribo_ND_365983|Rdomain|Yellow|record0	0	rna_virus	Yellow	Yellow	0.82471627	1	1	False	False	frozen_esm2_35m_head	Blue,Green,Purple,Red	Yellow	strong_crucivirus_like	True	True	True	rna_virus_scored_crucivirus_like	0.82471627			
fullCP	Yellow	Ribo_ND_106166	0	0.82425815	1	False	1	False	1	False	/workspace/cruci-classifier/results/grid_esm35m_e50/fullCP/Yellow/eval/test_eval_results.csv	0	0.4986207485198974	Ribo_ND_106166	433	434	1	0	full_capsid	Ribo_ND_106166	Ribo_ND_106166|fullCP|Yellow|record0	0	rna_virus	Yellow	Yellow	0.82425815	1	1	False	False	frozen_esm2_35m_head	Blue,Green,Purple,Red	Yellow	strong_crucivirus_like	True	True	True	rna_virus_scored_crucivirus_like	0.82425815			
Sdomain	Green	Cruci_CruV_530	1	0.17586255	0	False	0	False	0	False	/workspace/cruci-classifier/results/grid_esm35m_e50/Sdomain/Green/eval/test_eval_results.csv	0	0.5480888485908508	Cruci_CruV_530	196	196	0	0	S_domain	Cruci_CruV_530	Cruci_CruV_530|Sdomain|Green|record0	1	crucivirus	Green	Green	0.17586255	0	0	False	False	frozen_esm2_35m_head	Blue,Purple,Red,Yellow	Green	strong_rna_like	True	True	True	crucivirus_scored_rna_like	0.82413745			
fullCP	Green	Cruci_CruV-957	1	0.17620285	0	False	0	False	0	False	/workspace/cruci-classifier/results/grid_esm35m_e50/fullCP/Green/eval/test_eval_results.csv	0	0.4995022118091583	Cruci_CruV-957	422	422	0	0	full_capsid	Cruci_CruV-957	Cruci_CruV-957|fullCP|Green|record0	1	crucivirus	Green	Green	0.17620285	0	0	False	False	frozen_esm2_35m_head	Blue,Purple,Red,Yellow	Green	strong_rna_like	True	True	True	crucivirus_scored_rna_like	0.82379715			
Sdomain	Yellow	Ribo_Ga0007413J51701_1025822	0	0.8235714	1	False	1	False	1	False	/workspace/cruci-classifier/results/grid_esm35m_e50/Sdomain/Yellow/eval/test_eval_results.csv	0	0.5087921023368835	Ribo_Ga0007413J51701_1025822	177	177	0	0	S_domain	Ribo_Ga0007413J51701_1025822	Ribo_Ga0007413J51701_1025822|Sdomain|Yellow|record0	0	rna_virus	Yellow	Yellow	0.8235714	1	1	False	False	frozen_esm2_35m_head	Blue,Green,Purple,Red	Yellow	strong_crucivirus_like	True	True	True	rna_virus_scored_crucivirus_like	0.8235714			
Sdomain	Yellow	Ribo_ND_038050	0	0.8235714	1	False	1	False	1	False	/workspace/cruci-classifier/results/grid_esm35m_e50/Sdomain/Yellow/eval/test_eval_results.csv	0	0.5087921023368835	Ribo_ND_038050	177	177	0	0	S_domain	Ribo_ND_038050	Ribo_ND_038050|Sdomain|Yellow|record0	0	rna_virus	Yellow	Yellow	0.8235714	1	1	False	False	frozen_esm2_35m_head	Blue,Green,Purple,Red	Yellow	strong_crucivirus_like	True	True	True	rna_virus_scored_crucivirus_like	0.8235714			
Sdomain	Yellow	Ribo_ND_028680	0	0.8234517	1	False	1	False	1	False	/workspace/cruci-classifier/results/grid_esm35m_e50/Sdomain/Yellow/eval/test_eval_results.csv	0	0.5087921023368835	Ribo_ND_028680	186	186	0	0	S_domain	Ribo_ND_028680	Ribo_ND_028680|Sdomain|Yellow|record0	0	rna_virus	Yellow	Yellow	0.8234517	1	1	False	False	frozen_esm2_35m_head	Blue,Green,Purple,Red	Yellow	strong_crucivirus_like	True	True	True	rna_virus_scored_crucivirus_like	0.8234517			
Sdomain	Yellow	Ribo_Ga0187796_1206930	0	0.8230587	1	False	1	False	1	False	/workspace/cruci-classifier/results/grid_esm35m_e50/Sdomain/Yellow/eval/test_eval_results.csv	0	0.5087921023368835	Ribo_Ga0187796_1206930	185	185	0	0	S_domain	Ribo_Ga0187796_1206930	Ribo_Ga0187796_1206930|Sdomain|Yellow|record0	0	rna_virus	Yellow	Yellow	0.8230587	1	1	False	False	frozen_esm2_35m_head	Blue,Green,Purple,Red	Yellow	strong_crucivirus_like	True	True	True	rna_virus_scored_crucivirus_like	0.8230587			
Sdomain	Yellow	Ribo_ND_130208	0	0.8230587	1	False	1	False	1	False	/workspace/cruci-classifier/results/grid_esm35m_e50/Sdomain/Yellow/eval/test_eval_results.csv	0	0.5087921023368835	Ribo_ND_130208	185	185	0	0	S_domain	Ribo_ND_130208	Ribo_ND_130208|Sdomain|Yellow|record0	0	rna_virus	Yellow	Yellow	0.8230587	1	1	False	False	frozen_esm2_35m_head	Blue,Green,Purple,Red	Yellow	strong_crucivirus_like	True	True	True	rna_virus_scored_crucivirus_like	0.8230587			
Sdomain	Blue	Ribo_ND_388274	0	0.8227799	1	False	1	False	1	False	/workspace/cruci-classifier/results/grid_esm35m_e50/Sdomain/Blue/eval/test_eval_results.csv	0	0.3950238227844238	Ribo_ND_388274	183	183	0	0	S_domain	Ribo_ND_388274	Ribo_ND_388274|Sdomain|Blue|record0	0	rna_virus	Blue	Blue	0.8227799	1	1	False	False	frozen_esm2_35m_head	Green,Purple,Red,Yellow	Blue	strong_crucivirus_like	True	True	True	rna_virus_scored_crucivirus_like	0.8227799			
Sdomain	Yellow	Cruci_Tisza_MK012445.1	1	0.17802465	0	False	0	False	0	False	/workspace/cruci-classifier/results/grid_esm35m_e50/Sdomain/Yellow/eval/test_eval_results.csv	0	0.5087921023368835	Cruci_Tisza_MK012445.1	183	183	0	0	S_domain	Cruci_Tisza_MK012445.1	Cruci_Tisza_MK012445.1|Sdomain|Yellow|record0	1	crucivirus	Yellow	Yellow	0.17802465	0	0	False	False	frozen_esm2_35m_head	Blue,Green,Purple,Red	Yellow	strong_rna_like	True	True	True	crucivirus_scored_rna_like	0.82197535			
Pdomain	Purple	Cruci_CruV-653	1	0.17828086	0	False	0	False	0	False	/workspace/cruci-classifier/results/grid_esm35m_e50/Pdomain/Purple/eval/test_eval_results.csv	0	0.4982953071594238	Cruci_CruV-653	223	223	0	0	P_domain	Cruci_CruV-653	Cruci_CruV-653|Pdomain|Purple|record0	1	crucivirus	Purple	Purple	0.17828086	0	0	False	False	frozen_esm2_35m_head	Blue,Green,Red,Yellow	Purple	strong_rna_like	True	True	True	crucivirus_scored_rna_like	0.82171914			
Pdomain	Yellow	Ribo_ND_203487	0	0.82171136	1	False	1	False	1	False	/workspace/cruci-classifier/results/grid_esm35m_e50/Pdomain/Yellow/eval/test_eval_results.csv	0	0.4989717900753021	Ribo_ND_203487	190	190	0	0	P_domain	Ribo_ND_203487	Ribo_ND_203487|Pdomain|Yellow|record0	0	rna_virus	Yellow	Yellow	0.82171136	1	1	False	False	frozen_esm2_35m_head	Blue,Green,Purple,Red	Yellow	strong_crucivirus_like	True	True	True	rna_virus_scored_crucivirus_like	0.82171136			
Rdomain	Blue	Ribo_ND_081500	0	0.82159096	1	False	1	False	1	False	/workspace/cruci-classifier/results/grid_esm35m_e50/Rdomain/Blue/eval/test_eval_results.csv	0	0.4960196018218994	Ribo_ND_081500	97	97	0	0	R_domain	Ribo_ND_081500	Ribo_ND_081500|Rdomain|Blue|record0	0	rna_virus	Blue	Blue	0.82159096	1	1	False	False	frozen_esm2_35m_head	Green,Purple,Red,Yellow	Blue	strong_crucivirus_like	True	True	True	rna_virus_scored_crucivirus_like	0.82159096			
Pdomain	Yellow	Ribo_ND_071273	0	0.8209135	1	False	1	False	1	False	/workspace/cruci-classifier/results/grid_esm35m_e50/Pdomain/Yellow/eval/test_eval_results.csv	0	0.4989717900753021	Ribo_ND_071273	153	153	0	0	P_domain	Ribo_ND_071273	Ribo_ND_071273|Pdomain|Yellow|record0	0	rna_virus	Yellow	Yellow	0.8209135	1	1	False	False	frozen_esm2_35m_head	Blue,Green,Purple,Red	Yellow	strong_crucivirus_like	True	True	True	rna_virus_scored_crucivirus_like	0.8209135			
Sdomain	Yellow	Ribo_ND_147067	0	0.8208354	1	False	1	False	1	False	/workspace/cruci-classifier/results/grid_esm35m_e50/Sdomain/Yellow/eval/test_eval_results.csv	0	0.5087921023368835	Ribo_ND_147067	185	185	0	0	S_domain	Ribo_ND_147067	Ribo_ND_147067|Sdomain|Yellow|record0	0	rna_virus	Yellow	Yellow	0.8208354	1	1	False	False	frozen_esm2_35m_head	Blue,Green,Purple,Red	Yellow	strong_crucivirus_like	True	True	True	rna_virus_scored_crucivirus_like	0.8208354			
fullCP	Purple	Cruci_CruV-785	1	0.1798863	0	False	0	False	0	False	/workspace/cruci-classifier/results/grid_esm35m_e50/fullCP/Purple/eval/test_eval_results.csv	0	0.4988135993480682	Cruci_CruV-785	392	392	0	0	full_capsid	Cruci_CruV-785	Cruci_CruV-785|fullCP|Purple|record0	1	crucivirus	Purple	Purple	0.1798863	0	0	False	False	frozen_esm2_35m_head	Blue,Green,Red,Yellow	Purple	strong_rna_like	True	True	True	crucivirus_scored_rna_like	0.8201137000000001			
fullCP	Blue	Ribo_ND_305901	0	0.81986606	1	False	1	False	1	False	/workspace/cruci-classifier/results/grid_esm35m_e50/fullCP/Blue/eval/test_eval_results.csv	0	0.4914703667163849	Ribo_ND_305901	614	615	1	0	full_capsid	Ribo_ND_305901	Ribo_ND_305901|fullCP|Blue|record0	0	rna_virus	Blue	Blue	0.81986606	1	1	False	False	frozen_esm2_35m_head	Green,Purple,Red,Yellow	Blue	strong_crucivirus_like	True	True	True	rna_virus_scored_crucivirus_like	0.81986606			
Pdomain	Red	Ribo_tomREF_NC_035452	0	0.8195269	1	False	1	False	1	False	/workspace/cruci-classifier/results/grid_esm35m_e50/Pdomain/Red/eval/test_eval_results.csv	0	0.4583896696567535	Ribo_tomREF_NC_035452	155	155	0	0	P_domain	Ribo_tomREF_NC_035452	Ribo_tomREF_NC_035452|Pdomain|Red|record0	0	rna_virus	Red	Red	0.8195269	1	1	False	False	frozen_esm2_35m_head	Blue,Green,Purple,Yellow	Red	strong_crucivirus_like	True	True	True	rna_virus_scored_crucivirus_like	0.8195269			
Sdomain	Yellow	Ribo_ND_025007	0	0.81868106	1	False	1	False	1	False	/workspace/cruci-classifier/results/grid_esm35m_e50/Sdomain/Yellow/eval/test_eval_results.csv	0	0.5087921023368835	Ribo_ND_025007	177	177	0	0	S_domain	Ribo_ND_025007	Ribo_ND_025007|Sdomain|Yellow|record0	0	rna_virus	Yellow	Yellow	0.81868106	1	1	False	False	frozen_esm2_35m_head	Blue,Green,Purple,Red	Yellow	strong_crucivirus_like	True	True	True	rna_virus_scored_crucivirus_like	0.81868106			
fullCP	Blue	Ribo_ND_125752	0	0.8183072	1	False	1	False	1	False	/workspace/cruci-classifier/results/grid_esm35m_e50/fullCP/Blue/eval/test_eval_results.csv	0	0.4914703667163849	Ribo_ND_125752	559	560	1	0	full_capsid	Ribo_ND_125752	Ribo_ND_125752|fullCP|Blue|record0	0	rna_virus	Blue	Blue	0.8183072	1	1	False	False	frozen_esm2_35m_head	Green,Purple,Red,Yellow	Blue	strong_crucivirus_like	True	True	True	rna_virus_scored_crucivirus_like	0.8183072			
fullCP	Purple	Cruci_CruV-678	1	0.18222764	0	False	0	False	0	False	/workspace/cruci-classifier/results/grid_esm35m_e50/fullCP/Purple/eval/test_eval_results.csv	0	0.4988135993480682	Cruci_CruV-678	422	422	0	0	full_capsid	Cruci_CruV-678	Cruci_CruV-678|fullCP|Purple|record0	1	crucivirus	Purple	Purple	0.18222764	0	0	False	False	frozen_esm2_35m_head	Blue,Green,Red,Yellow	Purple	strong_rna_like	True	True	True	crucivirus_scored_rna_like	0.81777236			
Sdomain	Yellow	Ribo_ND_025705	0	0.8170443	1	False	1	False	1	False	/workspace/cruci-classifier/results/grid_esm35m_e50/Sdomain/Yellow/eval/test_eval_results.csv	0	0.5087921023368835	Ribo_ND_025705	176	176	0	0	S_domain	Ribo_ND_025705	Ribo_ND_025705|Sdomain|Yellow|record0	0	rna_virus	Yellow	Yellow	0.8170443	1	1	False	False	frozen_esm2_35m_head	Blue,Green,Purple,Red	Yellow	strong_crucivirus_like	True	True	True	rna_virus_scored_crucivirus_like	0.8170443			
Pdomain	Green	Cruci_CruV_466	1	0.18508458	0	False	0	False	0	False	/workspace/cruci-classifier/results/grid_esm35m_e50/Pdomain/Green/eval/test_eval_results.csv	0	0.5002309083938599	Cruci_CruV_466	150	150	0	0	P_domain	Cruci_CruV_466	Cruci_CruV_466|Pdomain|Green|record0	1	crucivirus	Green	Green	0.18508458	0	0	False	False	frozen_esm2_35m_head	Blue,Purple,Red,Yellow	Green	strong_rna_like	True	True	True	crucivirus_scored_rna_like	0.81491542			
Pdomain	Blue	Cruci_CruV-905	1	0.18530047	0	False	0	False	0	False	/workspace/cruci-classifier/results/grid_esm35m_e50/Pdomain/Blue/eval/test_eval_results.csv	0	0.4954362213611603	Cruci_CruV-905	139	139	0	0	P_domain	Cruci_CruV-905	Cruci_CruV-905|Pdomain|Blue|record0	1	crucivirus	Blue	Blue	0.18530047	0	0	False	False	frozen_esm2_35m_head	Green,Purple,Red,Yellow	Blue	strong_rna_like	True	True	True	crucivirus_scored_rna_like	0.81469953			
Sdomain	Blue	Ribo_ND_215889	0	0.8145136	1	False	1	False	1	False	/workspace/cruci-classifier/results/grid_esm35m_e50/Sdomain/Blue/eval/test_eval_results.csv	0	0.3950238227844238	Ribo_ND_215889	177	177	0	0	S_domain	Ribo_ND_215889	Ribo_ND_215889|Sdomain|Blue|record0	0	rna_virus	Blue	Blue	0.8145136	1	1	False	False	frozen_esm2_35m_head	Green,Purple,Red,Yellow	Blue	strong_crucivirus_like	True	True	True	rna_virus_scored_crucivirus_like	0.8145136			
Sdomain	Yellow	Ribo_ND_239549	0	0.8144972	1	False	1	False	1	False	/workspace/cruci-classifier/results/grid_esm35m_e50/Sdomain/Yellow/eval/test_eval_results.csv	0	0.5087921023368835	Ribo_ND_239549	177	177	0	0	S_domain	Ribo_ND_239549	Ribo_ND_239549|Sdomain|Yellow|record0	0	rna_virus	Yellow	Yellow	0.8144972	1	1	False	False	frozen_esm2_35m_head	Blue,Green,Purple,Red	Yellow	strong_crucivirus_like	True	True	True	rna_virus_scored_crucivirus_like	0.8144972			
Pdomain	Purple	Cruci_CruV_384	1	0.18597142	0	False	0	False	0	False	/workspace/cruci-classifier/results/grid_esm35m_e50/Pdomain/Purple/eval/test_eval_results.csv	0	0.4982953071594238	Cruci_CruV_384	153	153	0	0	P_domain	Cruci_CruV_384	Cruci_CruV_384|Pdomain|Purple|record0	1	crucivirus	Purple	Purple	0.18597142	0	0	False	False	frozen_esm2_35m_head	Blue,Green,Red,Yellow	Purple	strong_rna_like	True	True	True	crucivirus_scored_rna_like	0.81402858			
Sdomain	Yellow	Ribo_ND_059632	0	0.8140133	1	False	1	False	1	False	/workspace/cruci-classifier/results/grid_esm35m_e50/Sdomain/Yellow/eval/test_eval_results.csv	0	0.5087921023368835	Ribo_ND_059632	185	185	0	0	S_domain	Ribo_ND_059632	Ribo_ND_059632|Sdomain|Yellow|record0	0	rna_virus	Yellow	Yellow	0.8140133	1	1	False	False	frozen_esm2_35m_head	Blue,Green,Purple,Red	Yellow	strong_crucivirus_like	True	True	True	rna_virus_scored_crucivirus_like	0.8140133			
fullCP	Red	Ribo_ND_025042	0	0.81346226	1	False	1	False	1	False	/workspace/cruci-classifier/results/grid_esm35m_e50/fullCP/Red/eval/test_eval_results.csv	0	0.4925376772880554	Ribo_ND_025042	477	478	1	0	full_capsid	Ribo_ND_025042	Ribo_ND_025042|fullCP|Red|record0	0	rna_virus	Red	Red	0.81346226	1	1	False	False	frozen_esm2_35m_head	Blue,Green,Purple,Yellow	Red	strong_crucivirus_like	True	True	True	rna_virus_scored_crucivirus_like	0.81346226			
Rdomain	Yellow	Ribo_ND_299887	0	0.81315005	1	False	1	False	1	False	/workspace/cruci-classifier/results/grid_esm35m_e50/Rdomain/Yellow/eval/test_eval_results.csv	0	0.471052885055542	Ribo_ND_299887	131	131	0	0	R_domain	Ribo_ND_299887	Ribo_ND_299887|Rdomain|Yellow|record0	0	rna_virus	Yellow	Yellow	0.81315005	1	1	False	False	frozen_esm2_35m_head	Blue,Green,Purple,Red	Yellow	strong_crucivirus_like	True	True	True	rna_virus_scored_crucivirus_like	0.81315005			
Sdomain	Yellow	Ribo_ND_037792	0	0.81262577	1	False	1	False	1	False	/workspace/cruci-classifier/results/grid_esm35m_e50/Sdomain/Yellow/eval/test_eval_results.csv	0	0.5087921023368835	Ribo_ND_037792	177	177	0	0	S_domain	Ribo_ND_037792	Ribo_ND_037792|Sdomain|Yellow|record0	0	rna_virus	Yellow	Yellow	0.81262577	1	1	False	False	frozen_esm2_35m_head	Blue,Green,Purple,Red	Yellow	strong_crucivirus_like	True	True	True	rna_virus_scored_crucivirus_like	0.81262577			
Rdomain	Green	Ribo_ND_054423	0	0.81102836	1	False	1	False	1	False	/workspace/cruci-classifier/results/grid_esm35m_e50/Rdomain/Green/eval/test_eval_results.csv	0	0.5166996717453003	Ribo_ND_054423	135	135	0	0	R_domain	Ribo_ND_054423	Ribo_ND_054423|Rdomain|Green|record0	0	rna_virus	Green	Green	0.81102836	1	1	False	False	frozen_esm2_35m_head	Blue,Purple,Red,Yellow	Green	strong_crucivirus_like	True	True	True	rna_virus_scored_crucivirus_like	0.81102836			
fullCP	Yellow	Cruci_CruV-873	1	0.18939757	0	False	0	False	0	False	/workspace/cruci-classifier/results/grid_esm35m_e50/fullCP/Yellow/eval/test_eval_results.csv	0	0.4986207485198974	Cruci_CruV-873	631	631	0	0	full_capsid	Cruci_CruV-873	Cruci_CruV-873|fullCP|Yellow|record0	1	crucivirus	Yellow	Yellow	0.18939757	0	0	False	False	frozen_esm2_35m_head	Blue,Green,Purple,Red	Yellow	strong_rna_like	True	True	True	crucivirus_scored_rna_like	0.81060243			
Sdomain	Yellow	Ribo_ND_365513	0	0.810296	1	False	1	False	1	False	/workspace/cruci-classifier/results/grid_esm35m_e50/Sdomain/Yellow/eval/test_eval_results.csv	0	0.5087921023368835	Ribo_ND_365513	177	177	0	0	S_domain	Ribo_ND_365513	Ribo_ND_365513|Sdomain|Yellow|record0	0	rna_virus	Yellow	Yellow	0.810296	1	1	False	False	frozen_esm2_35m_head	Blue,Green,Purple,Red	Yellow	strong_crucivirus_like	True	True	True	rna_virus_scored_crucivirus_like	0.810296			
Sdomain	Yellow	Ribo_ND_133651	0	0.80888367	1	False	1	False	1	False	/workspace/cruci-classifier/results/grid_esm35m_e50/Sdomain/Yellow/eval/test_eval_results.csv	0	0.5087921023368835	Ribo_ND_133651	180	180	0	0	S_domain	Ribo_ND_133651	Ribo_ND_133651|Sdomain|Yellow|record0	0	rna_virus	Yellow	Yellow	0.80888367	1	1	False	False	frozen_esm2_35m_head	Blue,Green,Purple,Red	Yellow	strong_crucivirus_like	True	True	True	rna_virus_scored_crucivirus_like	0.80888367			
Sdomain	Purple	Ribo_ND_388118	0	0.80852926	1	False	1	False	1	False	/workspace/cruci-classifier/results/grid_esm35m_e50/Sdomain/Purple/eval/test_eval_results.csv	0	0.5010125041007996	Ribo_ND_388118	185	185	0	0	S_domain	Ribo_ND_388118	Ribo_ND_388118|Sdomain|Purple|record0	0	rna_virus	Purple	Purple	0.80852926	1	1	False	False	frozen_esm2_35m_head	Blue,Green,Red,Yellow	Purple	strong_crucivirus_like	True	True	True	rna_virus_scored_crucivirus_like	0.80852926			
Pdomain	Blue	Cruci_CruV_161	1	0.19167665	0	False	0	False	0	False	/workspace/cruci-classifier/results/grid_esm35m_e50/Pdomain/Blue/eval/test_eval_results.csv	0	0.4954362213611603	Cruci_CruV_161	144	144	0	0	P_domain	Cruci_CruV_161	Cruci_CruV_161|Pdomain|Blue|record0	1	crucivirus	Blue	Blue	0.19167665	0	0	False	False	frozen_esm2_35m_head	Green,Purple,Red,Yellow	Blue	strong_rna_like	True	True	True	crucivirus_scored_rna_like	0.80832335			
fullCP	Green	Cruci_CruV_423	1	0.19202556	0	False	0	False	0	False	/workspace/cruci-classifier/results/grid_esm35m_e50/fullCP/Green/eval/test_eval_results.csv	0	0.4995022118091583	Cruci_CruV_423	346	347	1	0	full_capsid	Cruci_CruV_423	Cruci_CruV_423|fullCP|Green|record0	1	crucivirus	Green	Green	0.19202556	0	0	False	False	frozen_esm2_35m_head	Blue,Purple,Red,Yellow	Green	strong_rna_like	True	True	True	crucivirus_scored_rna_like	0.80797444			
fullCP	Purple	Cruci_CruV_202	1	0.19244336	0	False	0	False	0	False	/workspace/cruci-classifier/results/grid_esm35m_e50/fullCP/Purple/eval/test_eval_results.csv	0	0.4988135993480682	Cruci_CruV_202	451	452	1	0	full_capsid	Cruci_CruV_202	Cruci_CruV_202|fullCP|Purple|record0	1	crucivirus	Purple	Purple	0.19244336	0	0	False	False	frozen_esm2_35m_head	Blue,Green,Red,Yellow	Purple	strong_rna_like	True	True	True	crucivirus_scored_rna_like	0.80755664			
Sdomain	Yellow	Ribo_ND_365497	0	0.8075304	1	False	1	False	1	False	/workspace/cruci-classifier/results/grid_esm35m_e50/Sdomain/Yellow/eval/test_eval_results.csv	0	0.5087921023368835	Ribo_ND_365497	187	187	0	0	S_domain	Ribo_ND_365497	Ribo_ND_365497|Sdomain|Yellow|record0	0	rna_virus	Yellow	Yellow	0.8075304	1	1	False	False	frozen_esm2_35m_head	Blue,Green,Purple,Red	Yellow	strong_crucivirus_like	True	True	True	rna_virus_scored_crucivirus_like	0.8075304			
Pdomain	Blue	Ribo_ND_386266	0	0.8070817	1	False	1	False	1	False	/workspace/cruci-classifier/results/grid_esm35m_e50/Pdomain/Blue/eval/test_eval_results.csv	0	0.4954362213611603	Ribo_ND_386266	217	217	0	0	P_domain	Ribo_ND_386266	Ribo_ND_386266|Pdomain|Blue|record0	0	rna_virus	Blue	Blue	0.8070817	1	1	False	False	frozen_esm2_35m_head	Green,Purple,Red,Yellow	Blue	strong_crucivirus_like	True	True	True	rna_virus_scored_crucivirus_like	0.8070817			
Pdomain	Purple	Cruci_CruV-656	1	0.19304948	0	False	0	False	0	False	/workspace/cruci-classifier/results/grid_esm35m_e50/Pdomain/Purple/eval/test_eval_results.csv	0	0.4982953071594238	Cruci_CruV-656	149	149	0	0	P_domain	Cruci_CruV-656	Cruci_CruV-656|Pdomain|Purple|record0	1	crucivirus	Purple	Purple	0.19304948	0	0	False	False	frozen_esm2_35m_head	Blue,Green,Red,Yellow	Purple	strong_rna_like	True	True	True	crucivirus_scored_rna_like	0.80695052			
Sdomain	Yellow	Ribo_ND_224267	0	0.8061609	1	False	1	False	1	False	/workspace/cruci-classifier/results/grid_esm35m_e50/Sdomain/Yellow/eval/test_eval_results.csv	0	0.5087921023368835	Ribo_ND_224267	185	185	0	0	S_domain	Ribo_ND_224267	Ribo_ND_224267|Sdomain|Yellow|record0	0	rna_virus	Yellow	Yellow	0.8061609	1	1	False	False	frozen_esm2_35m_head	Blue,Green,Purple,Red	Yellow	strong_crucivirus_like	True	True	True	rna_virus_scored_crucivirus_like	0.8061609			
Rdomain	Blue	Ribo_ND_190317	0	0.80589825	1	False	1	False	1	False	/workspace/cruci-classifier/results/grid_esm35m_e50/Rdomain/Blue/eval/test_eval_results.csv	0	0.4960196018218994	Ribo_ND_190317	111	111	0	0	R_domain	Ribo_ND_190317	Ribo_ND_190317|Rdomain|Blue|record0	0	rna_virus	Blue	Blue	0.80589825	1	1	False	False	frozen_esm2_35m_head	Green,Purple,Red,Yellow	Blue	strong_crucivirus_like	True	True	True	rna_virus_scored_crucivirus_like	0.80589825			
Pdomain	Purple	Ribo_ND_095194	0	0.8058879	1	False	1	False	1	False	/workspace/cruci-classifier/results/grid_esm35m_e50/Pdomain/Purple/eval/test_eval_results.csv	0	0.4982953071594238	Ribo_ND_095194	146	146	0	0	P_domain	Ribo_ND_095194	Ribo_ND_095194|Pdomain|Purple|record0	0	rna_virus	Purple	Purple	0.8058879	1	1	False	False	frozen_esm2_35m_head	Blue,Green,Red,Yellow	Purple	strong_crucivirus_like	True	True	True	rna_virus_scored_crucivirus_like	0.8058879			
fullCP	Purple	Cruci_CruV-564	1	0.1951905	0	False	0	False	0	False	/workspace/cruci-classifier/results/grid_esm35m_e50/fullCP/Purple/eval/test_eval_results.csv	0	0.4988135993480682	Cruci_CruV-564	441	441	0	0	full_capsid	Cruci_CruV-564	Cruci_CruV-564|fullCP|Purple|record0	1	crucivirus	Purple	Purple	0.1951905	0	0	False	False	frozen_esm2_35m_head	Blue,Green,Red,Yellow	Purple	strong_rna_like	True	True	True	crucivirus_scored_rna_like	0.8048095			
fullCP	Purple	Cruci_CruV-565	1	0.1951905	0	False	0	False	0	False	/workspace/cruci-classifier/results/grid_esm35m_e50/fullCP/Purple/eval/test_eval_results.csv	0	0.4988135993480682	Cruci_CruV-565	441	441	0	0	full_capsid	Cruci_CruV-565	Cruci_CruV-565|fullCP|Purple|record0	1	crucivirus	Purple	Purple	0.1951905	0	0	False	False	frozen_esm2_35m_head	Blue,Green,Red,Yellow	Purple	strong_rna_like	True	True	True	crucivirus_scored_rna_like	0.8048095			
fullCP	Purple	Cruci_CruV-953	1	0.19562922	0	False	0	False	0	False	/workspace/cruci-classifier/results/grid_esm35m_e50/fullCP/Purple/eval/test_eval_results.csv	0	0.4988135993480682	Cruci_CruV-953	363	363	0	0	full_capsid	Cruci_CruV-953	Cruci_CruV-953|fullCP|Purple|record0	1	crucivirus	Purple	Purple	0.19562922	0	0	False	False	frozen_esm2_35m_head	Blue,Green,Red,Yellow	Purple	strong_rna_like	True	True	True	crucivirus_scored_rna_like	0.80437078			
Sdomain	Yellow	Ribo_ND_145825	0	0.80345875	1	False	1	False	1	False	/workspace/cruci-classifier/results/grid_esm35m_e50/Sdomain/Yellow/eval/test_eval_results.csv	0	0.5087921023368835	Ribo_ND_145825	184	184	0	0	S_domain	Ribo_ND_145825	Ribo_ND_145825|Sdomain|Yellow|record0	0	rna_virus	Yellow	Yellow	0.80345875	1	1	False	False	frozen_esm2_35m_head	Blue,Green,Purple,Red	Yellow	strong_crucivirus_like	True	True	True	rna_virus_scored_crucivirus_like	0.80345875			
Rdomain	Yellow	Cruci_CruV_374	1	0.19656815	0	False	0	False	0	False	/workspace/cruci-classifier/results/grid_esm35m_e50/Rdomain/Yellow/eval/test_eval_results.csv	0	0.471052885055542	Cruci_CruV_374	57	57	0	0	R_domain	Cruci_CruV_374	Cruci_CruV_374|Rdomain|Yellow|record0	1	crucivirus	Yellow	Yellow	0.19656815	0	0	False	False	frozen_esm2_35m_head	Blue,Green,Purple,Red	Yellow	strong_rna_like	True	True	True	crucivirus_scored_rna_like	0.80343185			
Pdomain	Yellow	Ribo_ND_046858	0	0.80141073	1	False	1	False	1	False	/workspace/cruci-classifier/results/grid_esm35m_e50/Pdomain/Yellow/eval/test_eval_results.csv	0	0.4989717900753021	Ribo_ND_046858	150	150	0	0	P_domain	Ribo_ND_046858	Ribo_ND_046858|Pdomain|Yellow|record0	0	rna_virus	Yellow	Yellow	0.80141073	1	1	False	False	frozen_esm2_35m_head	Blue,Green,Purple,Red	Yellow	strong_crucivirus_like	True	True	True	rna_virus_scored_crucivirus_like	0.80141073			
Sdomain	Yellow	Ribo_ND_073926	0	0.80125105	1	False	1	False	1	False	/workspace/cruci-classifier/results/grid_esm35m_e50/Sdomain/Yellow/eval/test_eval_results.csv	0	0.5087921023368835	Ribo_ND_073926	178	178	0	0	S_domain	Ribo_ND_073926	Ribo_ND_073926|Sdomain|Yellow|record0	0	rna_virus	Yellow	Yellow	0.80125105	1	1	False	False	frozen_esm2_35m_head	Blue,Green,Purple,Red	Yellow	strong_crucivirus_like	True	True	True	rna_virus_scored_crucivirus_like	0.80125105			
Sdomain	Yellow	Ribo_Ga0184579_111024	0	0.80105054	1	False	1	False	1	False	/workspace/cruci-classifier/results/grid_esm35m_e50/Sdomain/Yellow/eval/test_eval_results.csv	0	0.5087921023368835	Ribo_Ga0184579_111024	177	177	0	0	S_domain	Ribo_Ga0184579_111024	Ribo_Ga0184579_111024|Sdomain|Yellow|record0	0	rna_virus	Yellow	Yellow	0.80105054	1	1	False	False	frozen_esm2_35m_head	Blue,Green,Purple,Red	Yellow	strong_crucivirus_like	True	True	True	rna_virus_scored_crucivirus_like	0.80105054			
Sdomain	Green	Cruci_CruV-931	1	0.19966152	0	False	0	False	0	False	/workspace/cruci-classifier/results/grid_esm35m_e50/Sdomain/Green/eval/test_eval_results.csv	0	0.5480888485908508	Cruci_CruV-931	185	185	0	0	S_domain	Cruci_CruV-931	Cruci_CruV-931|Sdomain|Green|record0	1	crucivirus	Green	Green	0.19966152	0	0	False	False	frozen_esm2_35m_head	Blue,Purple,Red,Yellow	Green	strong_rna_like	True	True	True	crucivirus_scored_rna_like	0.80033848			
Rdomain	Yellow	Cruci_CruV_269	1	0.19984257	0	False	0	False	0	False	/workspace/cruci-classifier/results/grid_esm35m_e50/Rdomain/Yellow/eval/test_eval_results.csv	0	0.471052885055542	Cruci_CruV_269	107	107	0	0	R_domain	Cruci_CruV_269	Cruci_CruV_269|Rdomain|Yellow|record0	1	crucivirus	Yellow	Yellow	0.19984257	0	0	False	False	frozen_esm2_35m_head	Blue,Green,Purple,Red	Yellow	strong_rna_like	True	True	True	crucivirus_scored_rna_like	0.8001574300000001			
fullCP	Green	Cruci_CruV-834	1	0.19985338	0	False	0	False	0	False	/workspace/cruci-classifier/results/grid_esm35m_e50/fullCP/Green/eval/test_eval_results.csv	0	0.4995022118091583	Cruci_CruV-834	383	383	0	0	full_capsid	Cruci_CruV-834	Cruci_CruV-834|fullCP|Green|record0	1	crucivirus	Green	Green	0.19985338	0	0	False	False	frozen_esm2_35m_head	Blue,Purple,Red,Yellow	Green	strong_rna_like	True	True	True	crucivirus_scored_rna_like	0.80014662			
